FILE NAME,HASH,FILESIZE
1.png,8E875A24FFE34580B275A45A16F998EA055FF792B0E2AE2BA848264FDE0E5C55,18.73 KiB
10.png,1653B82CE11F7CD5B012FB746AA2CF3EA1D7AFD8CCE7311C2B4E9EA2D4949E2C,18.79 KiB
100.png,38F7A300065E2745759CFB4E3A26FF912A3E2F2F19060CA0E7E06E31084D6845,18.81 KiB
1000.png,2135516232E4FDF2D7B408590160D6C8530355072FFA829E910F8B6CB4A156A1,18.74 KiB
101.png,F16ED396311E6785EC17FAC502FF2581ED8B28CCD60AB8CA4C2EE5B13A3683C9,18.83 KiB
102.png,764129DF0B189E00BE558FC451FDC30DF120180257C4A12F7FC2F24772794BEE,18.63 KiB
103.png,9BBD8A2E5651995F2D32B4D5DBC9D61050AFE8EC12D88B9561D601BE99F58BB3,18.69 KiB
104.png,740530E0F512551914B9A525C54FE21C3311D3E6E1075A66A2B00EFA00C9C33C,18.74 KiB
105.png,BA52841FE97CCE3B553342208A3ED9519BCBA9351AE2BA19322973BDA57359E4,18.85 KiB
106.png,547AE3A57EA6BB32C066E619EF1DE8980E03C0188120F44FED3C189230A77381,18.93 KiB
107.png,2EA78D351C43F528CA96CA9D7995555515FB7D5BDAF35D29C8E414072D4C77EF,18.65 KiB
108.png,1E69EF11587477CEB1C80C8D694EFD42948E4F15C3129B9D1F49336CE5EFE4E9,18.67 KiB
109.png,70F7EE229B3A7B7A8614AB25FDA5D08D0D2DFBD79CDD499D31A1139DE15CD6DE,18.84 KiB
11.png,86A8660B6910901790B84FD20CBF706A5FF9686B645C247FC8B08A52711BE516,18.75 KiB
110.png,6B97D0A5DD149396B10CDE50474660B0EA230A988D5974A252BA96C4429BCCFD,18.83 KiB
111.png,9EFF4A42F7AEFCAB54AAE2E711BC4595AE3B1F051785FB7FE9A2426B243451DF,18.85 KiB
112.png,8DA54D01234B44727BE4D81705146F083C7B3BCC4F928ABEB9ACFF98E9BDD8B2,18.96 KiB
113.png,3E63828DDABE7399A593338076D23D737738B6ED8523B6D1B83CC36AB9CF8825,18.82 KiB
114.png,CF630AC9FC8768630F63482351CCA1CE174AE8AA7D5A89DDACE6F9A22062AAD6,18.91 KiB
115.png,462585E16E1DB2B954AE17C726DC0409FE5075BDC78EED8986B219FE8C81F6BC,18.7 KiB
116.png,53E61E916F46AB8B7A2C169A44881C850E21B0C2B20EE615454BE6CDAEFC1E35,18.83 KiB
117.png,28C60ECF82A9CA0597CB26337CD1F9E824EE8C77F87D6707D2A7D07085DB2FED,18.81 KiB
118.png,330E0304F20198DB9D576B5F13B024E8BFBFEE8BC2FFC276BFDA10C8FD360C1A,18.85 KiB
119.png,A0079F862D7CEA95614C31DC3DF9A471F73E58E1FCB1AB1A775727B6A4533D22,18.73 KiB
12.png,26FCB0B456D07D3B02F058A060EAA1E206AA1A91E7B1D79E4FD03864695120CF,18.58 KiB
120.png,662B5D807684974C97719AF0EAEDF17B49F63BCCBAF73686439F261EAFE5F65C,18.86 KiB
121.png,9B7876E48032A0C736BF2FDF6767998B84AB2A61CC884A4AE97670B3EC3E7DA4,18.83 KiB
122.png,0F9736065250A14EB4E267128EC15C45ACBF52B5AA314E9388767AF5238C1FE9,18.69 KiB
123.png,AAE2C858D0EA412CBF9C7C6406DB3D064E918E58CC424FFE42AA3FB1B4D1FDCC,18.77 KiB
124.png,05026C394507906993F3CC101A4D9B151FF49510DF90545B892542A1058AE3D0,18.82 KiB
125.png,EFF370F9F71B9838D901791807D56F5295F713520A76CD9E7E73AD1F2E420919,18.83 KiB
126.png,768F5A14BAF11100B7086BF246733AD9656CD5F5A285A6A1288CB226F052A5CF,18.83 KiB
127.png,CF65E49831BD2D1B86729A7F01377B6E113EAA98ED62A6513FECE8029EA83D42,18.79 KiB
128.png,C982D84EDBB360ACFB010E738A65525AC15F39A45506906FFE2CE2C6424F1BD7,18.94 KiB
129.png,3ECCE571E60198B106389EDCDA0E82D6340D5BCE0EE05FE37BDADC34F2CD0D49,18.68 KiB
13.png,1FE2A858D1D09926FB1A1DA1E4BED554E6AFB6F176FA9A86D2963B2412B3AD85,18.85 KiB
130.png,7EC231AC3460098CDA6EE892EEE914C74BAB25E75342FA3C0DC1B5D0E5CDBCBF,18.73 KiB
131.png,4E0FBA65173FBA45CCD11D065E433E14C0E95DE67A35A3FABB55F6FC93C8D6DB,18.75 KiB
132.png,129294144A77E3DE4A176908869D3441085E2337052A431F395009C52DD2085E,19.04 KiB
133.png,013B5D82F05469EB7FEF2B8DA8673959A3095A6AB9C3A9FF9CD13EF567212F34,18.85 KiB
134.png,888BE77B88A83E65FC688A02EF1DBBA892406451AA2B496EBF1DDD398DC5CEF3,18.78 KiB
135.png,9BBEDC13D1AED4A6E9D7026E212954E078C7AC35D5A20E70461208D04EB0AE12,18.59 KiB
136.png,CEABF31DD263130125CBD1C5C352F5D578939A9C7EA36D71DDF21B78F9FB170D,18.79 KiB
137.png,B83EA52F7409A949546DFBC7B65A09DA55735BC5DD5B69E13C7AC9922408303C,18.62 KiB
138.png,EFF370F9F71B9838D901791807D56F5295F713520A76CD9E7E73AD1F2E420919,18.83 KiB
139.png,FCDDA57119B063715C9B1E34328FB782DEFF38BB53B07B6A6B8AF960C8038AA8,18.58 KiB
14.png,31BA2D234F4DDFFD3EF84F949CF9BFA780CE602E0DE7E17613EBD38B121B32FD,19.09 KiB
140.png,1D0CCA1FED6D922FD3F4C4D6263A09D31E6D82C8244E6A8CA4ECC551FC11B1F8,18.73 KiB
141.png,C7BC5DAE30E3F1A95FDF6D00A76EDE459A0B50DE7BA8CC27FB4200B3CA22CA46,18.79 KiB
142.png,2EED7567D46130FB0AD483BB5AE79DE0AC7FE048F6F818B7CCFFF2C59254770E,18.83 KiB
143.png,96BDE11DB1F9B96F91457670E10D3ED70E491CDDA2A9E03861A393A351C81F3C,18.8 KiB
144.png,FBEFAD5E3479C2F35392FBE679820B7033E144D4A8C21F884CE8AE1AF8228232,18.84 KiB
145.png,DD0D011C2C69ED4D2CCF6D6240741A4A8A50D846D7D59C1521656B4162231E00,18.8 KiB
146.png,8208A1C01721F048CAAB88335D19ED6A48ABFE1471D5488AA7CF195631980844,18.72 KiB
147.png,842B2381565CEDA61D0423D45274B7A94472B75BB0891019EE5689903C9748B8,18.53 KiB
148.png,4C1889ADD7A0E732987A619D70016C425EF992D764F3D13B3166D407AC6CE445,18.8 KiB
149.png,80409AADCE9986BA21AC392C433B977542FF07AB0F9AD1985D6B1D2EE3B3CBBF,18.72 KiB
15.png,5B2EC459FC3CFAE303186A0DB0FE152FC4E6B1B53DA701DE025672FAA7DDE938,18.84 KiB
150.png,A39044BCF4153D3E2ACD31BB7CFC2AA1594969465E94115C1F6BAECFDE126A1D,18.75 KiB
151.png,46956CF0D69B54811EF801E04642632D4E1BB69068253252E4B70B582AFA6761,18.68 KiB
152.png,F5ADC99BA4F22C92084EA64F45CD9157A351FE87D26756D9686373C49C2361CC,18.7 KiB
153.png,FA30A8B99953A9D0B657401425262086690134A08F1201696DB7D9796CF9EB14,18.69 KiB
154.png,740530E0F512551914B9A525C54FE21C3311D3E6E1075A66A2B00EFA00C9C33C,18.74 KiB
155.png,D1561ED47BB4A1677DB4EE0C172AB775E7BA4A83849907A09785E190A2BB2479,18.42 KiB
156.png,4132D514761056E7369E7239BDC9A999D688ABC94296183102AB18601DE2FF09,18.76 KiB
157.png,9432C72AD46E775724195514C6E1DDFF9BE58969A6639CC90ED5B3B8F4150A56,18.85 KiB
158.png,B963936E99B95A6270034DC6E6BA8E43EAC280739C64EE8185184A79A726C573,18.78 KiB
159.png,312311F8FC2AB793451B9D91FA5A386F3639B494C8A33304611FAAC7E9586BEC,18.87 KiB
16.png,9650B3BC2A8E7BAA99CFECD751E31B162C505C85B282403AE5B78EB5FFEA7CA0,18.86 KiB
160.png,327481D2B68C8AF6C612F3FFE16D82465F7EA0C3F1AA4D8B0D0873A6C0EF2A13,19.01 KiB
161.png,9C0B8E299D0E07D622EE2A1D63C61DECCAFBE1557A5B8F3CAB88B60601B9C098,18.71 KiB
162.png,DA4472F60BB8BD675A770D6D90D639CB47A11DC1091327874DC714F3B4B0E2A5,18.63 KiB
163.png,F45D73A63FA8D8B136616B9FF31A04215B75EF1C4442426EF74FA0AE61FC83C9,18.83 KiB
164.png,81779F93F3F619FCB7823626B8F5FF40E060527CAC65FB13A780888742A21697,18.69 KiB
165.png,49E5072954882EBB47B03835C9C14F4CC93C1534EE9216066A9968B956BB783A,18.74 KiB
166.png,A6ECDC661C7D0412673ACD528D3AA48EDAA760042CF7831AFCB33F068282E298,18.8 KiB
167.png,8E16D0BF678E7822CD277F9AF889E89385A01B717CC308F21DAB5CFA84D94BEA,18.83 KiB
168.png,F0CF069FC5CE53BC04FB9F2B5A202899160414AF1F8E31AF7D6E65D95908977E,18.76 KiB
169.png,B46C6E3DE776FAD3BA58730BF5A80D2BFC0DABE157792D176D7A98E205CF0A59,18.69 KiB
17.png,8A2B0CC5805B79B02252EE3CD30292D6A856FE5F9F439562C10D67EFD77EF48E,18.99 KiB
170.png,D6B3293738B8392A3AAEC9228015E7C67519EB93DA82F5806BDE8BE4E3986D21,18.53 KiB
171.png,995177F27D691D19210727139BF6F6CE6727F1C7EF0C4CE4E620E40B6469A647,18.57 KiB
172.png,602994538D93B723EF8D6F818FD90B13A764AC8D42A62F455F3916904C744D44,18.74 KiB
173.png,80409AADCE9986BA21AC392C433B977542FF07AB0F9AD1985D6B1D2EE3B3CBBF,18.72 KiB
174.png,777511DFE888E223BA30D160383EFF059E1E2966D5DF7E2736FC7DBE3900D34A,18.76 KiB
175.png,AEB400F0BCA2DC0492974E9A895A62DC16C36DABCAB1D3F4449F920B7A09EF71,18.85 KiB
176.png,C15CE250E8931183AF1FECABA42C20E91CDEC960C4F3B468E60EA0C9A617E41E,18.81 KiB
177.png,C3129F2FA5A99588CB1F775085BAA55FF0DC47A7BB4F3AFB8CA614036C0EBBD7,18.83 KiB
178.png,9E437E6FE087647E1E7A0D7ED3A0DC7F9E8BAA846CFAA963EF67CC1C5E2CF5EB,18.66 KiB
179.png,97F26FFAEED2338D73A43642DB4BDFD6ACDD65D76FFD1F0DBFAAFC7DAF89AC6D,18.52 KiB
18.png,60C1AC81B2F67DA74323B280F9290B18A151EB4C7BFB7E19814B3E47927AC6E6,18.72 KiB
180.png,90449194AC43C818F331CDE4FB66514BCF78AC9BC8EB8AFFE252AC0C53C6B8F1,18.69 KiB
181.png,D9B0D49F8260A5F8AA043D5E5EC8FC3C442E69C4095146655BA506EE0264AEFD,18.75 KiB
182.png,20818DD6D03969E32019DB7ED8294EE4F605071388C54F47993FE8B2BCD4D861,18.73 KiB
183.png,5A990DE559B430DC247E1C9C32185026E9E183C2E2E3638023F718AAABCAA4C4,18.71 KiB
184.png,37B7072FFCF91F1C0FD854F9081E8AFBDF6FB5356B060B13C6BFA8292B57A0DA,18.72 KiB
185.png,F8733ED8C6996CE2D50E6FFAF9F5FD485C4330304CF59CBC719BF730AD0574B1,18.72 KiB
186.png,25FD72A2B13575FA0D1A0D356A4F3AFDE08656A39197BA439EAFED39B49D6090,18.72 KiB
187.png,35C39E0119640FDD54A608F8041F5FF009250C738A4CFBCEA77884B6A0F8EDB1,18.85 KiB
188.png,A202BBAACCE17E5ECA938B6104946039567913269DF40BCFD53EA08C0A4C50E3,18.78 KiB
189.png,56C406A5729F7FE0DA83146C12DE829C0041C0A9E9012838CD99E383F9D16253,18.81 KiB
19.png,37B7072FFCF91F1C0FD854F9081E8AFBDF6FB5356B060B13C6BFA8292B57A0DA,18.72 KiB
190.png,2850F1C87FAD677F1750E82A1C4B89BF482F73B5362606148575827215FA9741,18.88 KiB
191.png,E35D609EB487CC20729C7CC80AD9CC548EB92F288A08D382098D43B99B7C7AFC,18.71 KiB
192.png,F1B9E7120DF665D1E014D11EFDB9D1BF8D18C4FDEABEF2CC1E06E5A84D1883C7,18.65 KiB
193.png,61C4D4938AC79410EC14E8E34315DC9BB4C949F9AB23E75C3B3CE91AE0B1E21F,18.83 KiB
194.png,B042B51DAF506936486B641AF4D4719182AEA62F1965053AC5E84C6BA0D5FA45,18.63 KiB
195.png,419A1426A7C03F97C843AA66F2B9C7811CA14814DF4FD9BB3FCB1D5852478A79,18.73 KiB
196.png,C9FE6723F4DB16C4F0C9224678511F3146D16C6F68B3EE6AE6F4D98649DF5198,18.77 KiB
197.png,A65449C2E11C9C512DC786195883262B4556DED9A0D5B009ACCF8EDB55E5CAD2,18.74 KiB
198.png,6E0D1FD9AB2047E0E417FCB1FEACA0C3B6D7FE4CAA2FDCA0D87F18CA477817DC,18.8 KiB
199.png,64B2269E4D1C93A110EF9C7532E87C4CF2B13D15C80BB7178F83B8FB69C98DC6,18.46 KiB
2.png,39CCDF2DD6583223204159F3CE79902A93E1B8FE4AF36752D74411033BEF6095,18.8 KiB
20.png,FB2D2D3B47104001C69F4694C1FE82BB1D065739CE0D69EED0A436305DB06B3D,18.78 KiB
200.png,5E529214B3F921B2656E6FD7BFC194A8487C6FB297FBB34AFF5F2006E060C64C,18.69 KiB
201.png,013B5D82F05469EB7FEF2B8DA8673959A3095A6AB9C3A9FF9CD13EF567212F34,18.85 KiB
202.png,3295645CB27E4EEFC320DBA8CE7055EBA0F1FB53DCDFB41E1DEE9E2C413B6A19,18.86 KiB
203.png,2BB5A8C7D7ABF5579949BD05CB81F1EB4BD1EA02A1E3C420D30B750C0DD60D30,18.72 KiB
204.png,5B801347C623539332C9D9A4A78FDB8A5905AC5103F122A863119C3C5946FA88,18.82 KiB
205.png,A8F3151F5CA21217B30D27AF42E2D50250F4C54B366A10F7D3EAE07B853DD2D1,18.73 KiB
206.png,28F15E18C8EED6AB802570F3A806CE3F4D0FB60E9324610B615755C50B2DD6CE,18.8 KiB
207.png,5155D1E280648D9AAB177B69A112077BE1BEC81920A2284DEED38987917E3DD4,18.98 KiB
208.png,C939372B739CA8EEA711A0D34063D6004D8FB2B730CF1D1AC20A1C8A23574B1E,18.85 KiB
209.png,E1C9EC35227CBFC718CEEE7738BF6F4FE4CD448012199984FD367FA44F09BB6C,18.86 KiB
21.png,9FB606229921A55A66C4990DF2DC54E0AF2D77385FD01BEE4CAEE3E5BD258611,18.81 KiB
210.png,29D03A8EDA5BF040B7755B414D812707ABF762C2B9E2AB6B2C75148B307A691F,18.52 KiB
211.png,4C1589EA98168C6418E68D3F65F6652E4473C419D51FFCCC094B53A91D973BD3,18.78 KiB
212.png,EAA31E9C91E880D3E594F95AB265C4BA6A289BF0DC0F522DACD320D10F86A770,18.84 KiB
213.png,CF82653C82704A6A0F4C11CABEF5928FF477E6F15D6C5372742D3868BD6F833A,18.77 KiB
214.png,E97F67CF85A23666F7A90E939E2F2172D77788D95EA03526722139E23F8D8C7B,18.75 KiB
215.png,8C048B0137D4F0E80F9AAAB4B33F36DDFFFD76B5C1E80D7359B6F42D0CD2AE0D,18.83 KiB
216.png,9DE669EFA16B0A7EC9A20C85B2FD78E2216F80C0A68CA039BB8CE16F1EC560E8,18.82 KiB
217.png,210D2AC8048D7DA111F8C9D5852C7670295790CCA49E94FE1C5AF9C6E307FD0F,18.49 KiB
218.png,C620D42A5949ACF57FFAEBD8B65B8F37BCA730DBCEFF10B2A5D718A6522663BC,18.84 KiB
219.png,87D84E57636047B93CE154C85E811F948FD30128E64BE72E2B86CB9070F8B963,18.84 KiB
22.png,500A8FB6CEE6A12FD364898EC44E3F2BDDE0D2439073FF870DE9BA318F4E58BC,18.83 KiB
220.png,FDE4078689D09EFE595503F3B1345CD93EE1E873B96FD4E2080CD37F2CC5A84B,18.72 KiB
221.png,4A64C2227F5A39E436E7D3D5E5450AA5CFC755FDF8FECB1E60EE472E33D47B72,18.79 KiB
222.png,9BBD8A2E5651995F2D32B4D5DBC9D61050AFE8EC12D88B9561D601BE99F58BB3,18.69 KiB
223.png,7B15766CC3AAA0AE113F2775C9E80428862ADFAF47F874DC71EF179097C9103F,18.76 KiB
224.png,B14799DDD0F7D0D39B1205FE426CF0611D84CBC2A6C36D58F0D20D2C2FAA73BA,18.84 KiB
225.png,C7DB9D2EDB52AEE6B78EBFA6271546ED9C548C38F2C07A0E7298AA84954C2587,18.85 KiB
226.png,B2F5E157DAB6ED77A4D87C705A5E9F789BB3DB8C7D146E1013B4F4986023CD67,18.72 KiB
227.png,E1791C95BE3E5F96815ABBF551F8D7A20DD1FD16060E00BC6572485D4B7209E2,18.7 KiB
228.png,5378602C997CE3412AB9501945D1D3603EAF294770CA85FBF85D33B3560DFE21,18.72 KiB
229.png,40D5A1FB19D0E2932E515A6D1AF3A1D2801D4C23AD80F1451C915F21ACEA60CE,18.88 KiB
23.png,DFD25B7A41BDE7878976C4520BD6383C9857690F08D26EDDB8A0DB72D3992267,18.69 KiB
230.png,732DC833CEFE8EAC5248916A7BBEE59DC13C8C3C88269FC2B56AB8F824FFBFA1,18.76 KiB
231.png,CDB4ED36E6A1D08846538BAD3FA3269BB659B5B2461C48E74ACCF58F8AB7776A,18.78 KiB
232.png,3B45DE332DACF5ED74FD20CA81921B9B67C6C3F2B4CBAF48D9EA2D50A227DDF8,18.75 KiB
233.png,61E56747E20C416C199DADD51A19DC1C2DFFB671ADF639EC7699C19A5F9BC14D,19.1 KiB
234.png,32776C8CB619141456A4A283F41ACFA3B049189A87FF8FF2E0E91F9698EB9BF5,18.59 KiB
235.png,2417EFD6ED8B1EED2DB3366811BF99459A1B270C76A2034C26EDC532DB18F0AD,18.74 KiB
236.png,7CD1E4BD9690E1728B685F89AAD3EDBA585FBDA1BC090ED4B4E3450F19A13D77,18.73 KiB
237.png,4F951420FCD6A52EE5025CB31550262A37964031A2E34B0D6BD740C91095DFE0,18.83 KiB
238.png,F057734A30ABAE22E2C008509B311A418C672A6044C24CD6ACBD5FD4384135DC,18.72 KiB
239.png,28F15E18C8EED6AB802570F3A806CE3F4D0FB60E9324610B615755C50B2DD6CE,18.8 KiB
24.png,05FFF449439F9EBF535FC21B05FB3169C23C1DD6E3793A99D79C89029149EF30,18.89 KiB
240.png,825FA05A37096F469A5E288F29C13F787C126A95346F142A0E08434D56D39F47,18.75 KiB
241.png,9F3DDFCC4185519DAD607E39FB2AC16B4E1836F79ABD261DCB89A97A5177B355,18.73 KiB
242.png,83F58A9821063D542622F8BAADCEF0060716E469E55ABAE132E60E80A7966808,18.46 KiB
243.png,38805DA3EAC50C1FF666F5FAE551B132880769ABDA4DF3D202573D4C95B202A5,18.83 KiB
244.png,547AE3A57EA6BB32C066E619EF1DE8980E03C0188120F44FED3C189230A77381,18.93 KiB
245.png,2850F1C87FAD677F1750E82A1C4B89BF482F73B5362606148575827215FA9741,18.88 KiB
246.png,7D480E73556D184AA01E2E762688EA614D1F309E7868BE763D5D51B81478C9A9,18.84 KiB
247.png,9F5AAF83643270C0EE02004173A92FF756DA7884867E077699B54CB37C778628,18.72 KiB
248.png,FF86AA53A1407C1A2B9CB31128499C1C0DD76E1780E911D298548F4129ED676B,18.79 KiB
249.png,06865E6355F38C6E9AEC1CBA6BEBAD030DC1A3DCB361000DB29868513F25E692,18.72 KiB
25.png,B46C6E3DE776FAD3BA58730BF5A80D2BFC0DABE157792D176D7A98E205CF0A59,18.69 KiB
250.png,FA30A8B99953A9D0B657401425262086690134A08F1201696DB7D9796CF9EB14,18.69 KiB
251.png,AC0345AFF036F7B1CD33BA9D22FA7F847A2CA385D980A99482C495CC302F307D,18.7 KiB
252.png,F6138D8B1BB93ED0D66CEE558C06FE731ECAEFAF3B8AC912E022186E18DE06FF,18.71 KiB
253.png,E82D91E09E182BEB9C3C02AC6407192310FC9BA646B05CD42C98A3B84B2F0114,18.72 KiB
254.png,F13EC425B8C309EC9859F61524D4C052B6B7E95F58192E7B1030BE5F50744FE8,18.69 KiB
255.png,9432C72AD46E775724195514C6E1DDFF9BE58969A6639CC90ED5B3B8F4150A56,18.85 KiB
256.png,15977740B12E40A6756CF0C6E71C32E97E695E47AA94B101EEE7020C15AE6FA8,18.75 KiB
257.png,7464A62C8CC940D7F0054992E80DBB369E9E9B39198CCB4D78CFD8FDB50F1B4F,18.74 KiB
258.png,825FA05A37096F469A5E288F29C13F787C126A95346F142A0E08434D56D39F47,18.75 KiB
259.png,C2F9E6D0FD7E27B2D9579D85DDCDCC39E1CF933CCE5F33A662DB49FDB962CD2F,18.82 KiB
26.png,CA20DC6057367C4FE906C76F7C63854C3C472FEAD7F3995957ED8386B1F17B86,18.72 KiB
260.png,31D73FD2B26B90D9BFFE53B6566696A97ED67D2F815FB90C1E34B5F37CD11437,18.81 KiB
261.png,9EFF4A42F7AEFCAB54AAE2E711BC4595AE3B1F051785FB7FE9A2426B243451DF,18.85 KiB
262.png,F78D747F8EE21DC91C2F758FCE92069F0E31D7B35B5F629799210C481F4A254E,18.72 KiB
263.png,EC01580DB9CB8EDEC999B857ACEA379C0EA00227F54EE1100595460B77C61BF5,18.83 KiB
264.png,BA938AEC06CAA7C4F0FD3A128A0EC152D8D9C4FD9E4F01CA943979A7D49E3A37,18.7 KiB
265.png,24CF217E750EF85F5C480D4C8659A3AFC03885BBF13F103357A605E4CDB282D1,18.52 KiB
266.png,8C048B0137D4F0E80F9AAAB4B33F36DDFFFD76B5C1E80D7359B6F42D0CD2AE0D,18.83 KiB
267.png,385775975F87CE29D322513D5A438D541515E4E58A8230447FB6034BAA6E45C5,18.78 KiB
268.png,2AD61325FBD3C56CA78AD10B99D5E369EAEE2B60748555C31BC9EEDF55BBED0A,18.67 KiB
269.png,7E7FF0D945120306927B1272DC7D845FD086B6796199B57F533F663285E86DCD,18.76 KiB
27.png,1B36EE1F7D33E30AE8C1B9A2089E432A2F1B310FFFEA5532EEA398C0B841E662,18.73 KiB
270.png,283E6061094C1D21EC0CC79B96B31EBBB05F618DA5684764B321F06A999F5D3C,18.74 KiB
271.png,B963936E99B95A6270034DC6E6BA8E43EAC280739C64EE8185184A79A726C573,18.78 KiB
272.png,0F9736065250A14EB4E267128EC15C45ACBF52B5AA314E9388767AF5238C1FE9,18.69 KiB
273.png,D20F8761C1D12F77B664C173FA3DF64311DC271A55F1A1BED44B1B9B407530C7,18.81 KiB
274.png,F821004F4B4A1175CE96409D45452F0C19840E937019F980BA5C0B334749E31D,18.6 KiB
275.png,6E0D1FD9AB2047E0E417FCB1FEACA0C3B6D7FE4CAA2FDCA0D87F18CA477817DC,18.8 KiB
276.png,C3A5EEB7B48C7D11398C02615DEB3D03156B1657360517F09FE1FE12395FCF0B,18.73 KiB
277.png,49E9348AED86357E454F3B70FD8764F30AF2BF7078EC40BCA004321E63B774C3,18.75 KiB
278.png,54B0A80AAEC2FF9E7AEBB0FA4786DE32E087FFA8D8A183763A8885BEC621DDCE,18.57 KiB
279.png,F82BAA0F16AA963A3321C082CCBBEC4503A18EE0F388BF9BE5ECCA5C9BFC739F,18.73 KiB
28.png,2F7516678C8CE81ECB51FD066F922BA9411B9CDC19B7A14F809829432DB24897,18.86 KiB
280.png,81A93A8B8FCE20AF84895C5927431F65AB7E117AAE27F09F6548ECA3212795B6,18.58 KiB
281.png,21DBFFCD6949D6C8204BAF7F52A7A659BE8057B44A2B3C4A9320710C19B0DB98,18.75 KiB
282.png,5B554D1ED8376189B99F39CCA91FAE2DFCE038096C07EBE64BA1E3E4D635921C,18.52 KiB
283.png,2C9C7B0FD9AEB76E9FBA8B6B738FD8DBB4DBCADA7F980CE795D4FC997D8F78AF,18.86 KiB
284.png,5FDDAAFC343FB8B353A2C1DA4E64E0D73B0D30135773164C0A1B985AADF03539,18.85 KiB
285.png,CCB87AD0FA0BDD8B0E410C21D3EC67EB77BC48739D5FB7A37604A6A5C2624D10,18.78 KiB
286.png,81650EE512AD89BA26809E9C7DA77E557DCFC4D861A82D4FC839F94B20FBE2F3,18.72 KiB
287.png,6D716A1A166A6DA3D23D3D12DD96E410D98081BEA81881C174E1670C478DD8CA,18.75 KiB
288.png,38F7A300065E2745759CFB4E3A26FF912A3E2F2F19060CA0E7E06E31084D6845,18.81 KiB
289.png,61E56747E20C416C199DADD51A19DC1C2DFFB671ADF639EC7699C19A5F9BC14D,19.1 KiB
29.png,47DE57EC54DEC7F6D20E35B2220B2B2CE19CA859FA532F88341C06F5FB53CA30,18.79 KiB
290.png,6BD40D24CB5FAE151E39B750067E361801CC33576D30918674D17B729B187913,18.72 KiB
291.png,61E56747E20C416C199DADD51A19DC1C2DFFB671ADF639EC7699C19A5F9BC14D,19.1 KiB
292.png,B12A55EC9F92278484C6A075C47FFC91B41BDF943B4CABCA42CCA7C918F9D1C9,18.86 KiB
293.png,80409AADCE9986BA21AC392C433B977542FF07AB0F9AD1985D6B1D2EE3B3CBBF,18.72 KiB
294.png,462585E16E1DB2B954AE17C726DC0409FE5075BDC78EED8986B219FE8C81F6BC,18.7 KiB
295.png,4132D514761056E7369E7239BDC9A999D688ABC94296183102AB18601DE2FF09,18.76 KiB
296.png,E2671B23E04212F81536A044D228E3D482FFC2EEF206250A319D59B37C503889,18.84 KiB
297.png,88DC9DC04DCD36A02655703B7B60082787FFED2E9E089EA05C77920D664F461D,18.84 KiB
298.png,7BE8C2DCB49E220F2B5EBE63D752E2BF80883329E40A54C4871A4C75AD986197,18.8 KiB
299.png,065EE964638B9BDDE1BA7AE06C942460764368F4F048F7DF536D6B84F848C829,18.71 KiB
3.png,B6472AC1FE1BEDF85B272EAC08243BEAB9ABF25D7874DEEA0C226D8BD6C6FA15,18.81 KiB
30.png,DFD25B7A41BDE7878976C4520BD6383C9857690F08D26EDDB8A0DB72D3992267,18.69 KiB
300.png,8208A1C01721F048CAAB88335D19ED6A48ABFE1471D5488AA7CF195631980844,18.72 KiB
301.png,9FDAA6CBEFA54640FDE5C1C29FCDCC192A1059DD6D110DC5C2B2CB4986BD0DD9,18.79 KiB
302.png,873EC1E8CEA151E63217FD6E6E92442AFDB3D54F5901D2EFB14B9002B627C414,18.7 KiB
303.png,9417E9B5E684D8CAE4456BF066BCE3EAE61FEF80FF5C91E021D431D2370A8C3C,18.61 KiB
304.png,DA8903016F32A4F37CA123351D040DB1CF86DC47952B22F7C8F5F6950CFFA16B,18.83 KiB
305.png,CB1B87B3B054728F33E6A1F3124ADF637EB5A562A2CE706D0B9A947C15A0BEC7,18.86 KiB
306.png,B58996BFD3C4CC4D57323A6E7A3BC8D9BEEC814989762EDAF8808D06E80746A3,18.71 KiB
307.png,CB66F949B8EACA4F9270035AFE89881C36E0022C3FDE69C9ADAD63DE89FAD5F9,18.87 KiB
308.png,48788771E023648067206D5BD4D0D61984E173F7E7BA245AF057A56024274481,18.8 KiB
309.png,C58214049220E919309E0F8D2DF01912CD93556AA1F56F033D97DD7D951E907A,18.87 KiB
31.png,87BC3DB858F4A8F3BF66D084905326B857738DDC3DCD7336C337D76E5FD7BFF1,18.8 KiB
310.png,5A40E31EB4E54D28C3BB0B7E3423D7652ADD504EA63B7D875845438E79959F89,18.79 KiB
311.png,A6ECDC661C7D0412673ACD528D3AA48EDAA760042CF7831AFCB33F068282E298,18.8 KiB
312.png,D51963EF0F30C8E07B0669BAFF0EBEFCD8B9609587C1F44E174397CEB0D1D851,18.72 KiB
313.png,7AA3CB8D8A980A0051DEB19CF440506D43E4D4CAE817B3D7B28A0DF79E1850C7,18.71 KiB
314.png,0737CB41A0DDDE5AB028D6E4BB7E25E368949A6C6AFC58006AD215EA7FBA9780,18.83 KiB
315.png,F6070E36BCA851A24D976E2CBE58263C77399AB2B99387D936A437B91DAA04B9,19.06 KiB
316.png,88CEE5245C8E31C4BF0349A94FD189E8C3CE35493D957803FD3544A156ACD6EB,18.82 KiB
317.png,840DDC94F96C85EBC50D145825FD19093FF97AA12CC6B0ADD2FF7452C32C10A6,18.81 KiB
318.png,B14799DDD0F7D0D39B1205FE426CF0611D84CBC2A6C36D58F0D20D2C2FAA73BA,18.84 KiB
319.png,166C1F87959876822254BC0CCFC747325C4FEA92EE05A80782CEBF51924F795E,18.69 KiB
32.png,1653B82CE11F7CD5B012FB746AA2CF3EA1D7AFD8CCE7311C2B4E9EA2D4949E2C,18.79 KiB
320.png,7F6E551D9E497099BB5580E5AD39E33883BE32EDA4B53748541734A71340AFB6,18.75 KiB
321.png,B83C2D58EC1C47B72C7877E75A9E3FDEE6799C4A1F02799AFE09CD1F6F1B37BD,18.64 KiB
322.png,D20F8761C1D12F77B664C173FA3DF64311DC271A55F1A1BED44B1B9B407530C7,18.81 KiB
323.png,23FDB0CDA03864273ECCD9243E9AD5DFF0150813865580EE77EC18ACB932390E,18.82 KiB
324.png,873EC1E8CEA151E63217FD6E6E92442AFDB3D54F5901D2EFB14B9002B627C414,18.7 KiB
325.png,E72845A1AFBDBBED7F2785FB8068FFC495A141D194AD3ABDBF60C15C6701E90B,18.7 KiB
326.png,57B4A3F417A331814446AC94866692FF0F2DEF857B5F32E9308C39455269114A,18.84 KiB
327.png,9E437E6FE087647E1E7A0D7ED3A0DC7F9E8BAA846CFAA963EF67CC1C5E2CF5EB,18.66 KiB
328.png,F6070E36BCA851A24D976E2CBE58263C77399AB2B99387D936A437B91DAA04B9,19.06 KiB
329.png,EF832CC6903121F1D15AA0710E5AD6D70E71843B49A50C6400E2170C4F5FE48F,18.76 KiB
33.png,3BDFC986CC314893AB3A50A3135BC9AE081D5ACBFA43E94AF3208BDA8E8265BB,18.77 KiB
330.png,6846E55DBD986F5E724B8AF916F042A452C2E475CF27AFAF3E043504F7235132,18.83 KiB
331.png,B7EC4430255A4A0C5C0A9C3CF8E3AA7B0179393ACA730E1B373FDEF8E5DB3415,18.7 KiB
332.png,8B1C29C2A6C77979A53EAB6A44700F0DF10EE20BA8B1918DB955510BD5619D78,18.4 KiB
333.png,A26076C930A788DB5DB123C56CCB7C4940CB1879F23F80DB71F8098F9F124875,18.72 KiB
334.png,F057734A30ABAE22E2C008509B311A418C672A6044C24CD6ACBD5FD4384135DC,18.72 KiB
335.png,AE81384E7E4D7CACE3C9811987F2E6375D59B5E8D595E1B7EEAEDC86C20C25FB,18.72 KiB
336.png,3A6D49531C0CA735273B2BFF6E57E49D9CC3D89FFBD262402FD79B969DC5873F,18.79 KiB
337.png,49D9A58DA82C01D568DF25BE66166A86EA5A5EAA5112D6C3134491DC79F7A899,18.71 KiB
338.png,F6070E36BCA851A24D976E2CBE58263C77399AB2B99387D936A437B91DAA04B9,19.06 KiB
339.png,6CEAD2AE06AF784E0DB89D63E249628915937E75B54998DD314233075CF8A1D1,18.79 KiB
34.png,FD09168A82917EC94B17EB24900624F77A0BE45EA04D3346F3DF7CCE528221C0,18.67 KiB
340.png,1A86D5901F0ACA7A1770F164B6BD26DD5C969BCA36C32084E49661D761D085AD,18.67 KiB
341.png,2CCA3E9C0C5219317F89FE99E2810DF79F09BA483A95179A836DB4F7ADF8CC95,18.71 KiB
342.png,F0C080F47BA9D39F2228D2900EB52E937EE4BC523C62EDF2E8CF6ECEB4715A0B,18.67 KiB
343.png,6846E55DBD986F5E724B8AF916F042A452C2E475CF27AFAF3E043504F7235132,18.83 KiB
344.png,96BDE11DB1F9B96F91457670E10D3ED70E491CDDA2A9E03861A393A351C81F3C,18.8 KiB
345.png,DE6180399868B417713EDF64357501A083D2E0C57A72E94A719AA6B47C08BCEF,18.81 KiB
346.png,34CF2858B8C724979CD49AB1543A08E7F86090D2853C47F9660FC2D153098F0C,19.01 KiB
347.png,BA938AEC06CAA7C4F0FD3A128A0EC152D8D9C4FD9E4F01CA943979A7D49E3A37,18.7 KiB
348.png,286DB219752DDA272008C689E60934983DB43B60CC90774315628BE126A6C6ED,18.86 KiB
349.png,8C3490FAA2825245A269196E21BDEB0F02AC71A25C631045121770EC6C3CC938,18.88 KiB
35.png,B968D3F8B0F8A39F3A4BCA8AD152283408C920DCD8A5FAA33E76CA6C979AB21D,18.86 KiB
350.png,6E0D1FD9AB2047E0E417FCB1FEACA0C3B6D7FE4CAA2FDCA0D87F18CA477817DC,18.8 KiB
351.png,4BD3A865B3289CE130F89EA9469AA1638B970EB106F13F8AFB859E33377C5520,18.82 KiB
352.png,1336599472D93FA02F620B66CBC45F1A83E2881ACA3B38ACB16A054A7C38EA35,18.83 KiB
353.png,88DC9DC04DCD36A02655703B7B60082787FFED2E9E089EA05C77920D664F461D,18.84 KiB
354.png,473927D7DCC110E2813E957EBEA14A598A24AF7CEDEF274BC50CAAAD000DF68B,18.68 KiB
355.png,2E6DB78F5DDD042B78F0A0DA74F3D3D51286863D8BADC8EFA4309607B89EF503,18.72 KiB
356.png,BD7435F4827206AB6181256230FD3EF76BD76EE10B33D51A3E0FF6EFBAF6B3E5,18.81 KiB
357.png,5D295A4C7C3F759FE3DA0A426600AC9E9E71B696D7F927821F616C02FA44064A,18.58 KiB
358.png,C23725F432129AC84C7964E429BC1093D4D6C42AFF8FCE374CCEE7DC0812EA89,18.8 KiB
359.png,509631AE46ACD776241E2642C69C6BBF8206A79E017E0E8BFFA998A41ADFD777,18.79 KiB
36.png,8E3502F2D6289005DDC57FE6BDFB160817E205414A8690E0C9A286CC54412B31,18.8 KiB
360.png,7C4A04E7731B4964AB1B7D98C3EBCCF0F0B38A3213FBBF75A21063D528A6CE34,18.65 KiB
361.png,56A6CB1174F578A63F3B1F19CA2E11A460BAA2C0988059E9D60928AFF63D3858,18.68 KiB
362.png,879F27ED18ED283385647988BBF56B1E68C83900B188655585F1460B47208FC0,18.74 KiB
363.png,6DDCB4964E319EC1B42DD92E8969CC3D3D5101F1595DEA677D73AEBB6D7CF87A,18.74 KiB
364.png,C51E3F4B1C79A6439314A8A7E90CCECC90D5E05DACEB84D741311F63DC87AE3B,18.75 KiB
365.png,CB6273C193DCD392DCBE28404BC10F63B609BA0D9454F486D95587DB77249A87,18.8 KiB
366.png,3FF8235BD3C49160C9C7F4D612765949BFBE51BB05A0425705A1985A6E54E258,18.86 KiB
367.png,9EFF4A42F7AEFCAB54AAE2E711BC4595AE3B1F051785FB7FE9A2426B243451DF,18.85 KiB
368.png,A39044BCF4153D3E2ACD31BB7CFC2AA1594969465E94115C1F6BAECFDE126A1D,18.75 KiB
369.png,300BDD4E8C5549533244E7DEF2B9F6125EDA939B50DFA7AA408089E378C3BBB3,18.81 KiB
37.png,F178DF892A058090F8DC3B15DAAE4D48DC5634F81868DD9B7A11033A3264F0EA,18.79 KiB
370.png,3FBBC508D85927C34584A3087CD2FC16C6F63D4D86FD1927C75DECECE4A13DCB,18.85 KiB
371.png,11F7FFEDE86E573AAC24436876ABFE6749970D89DD17D946B3B9CBC4520B1F4F,18.78 KiB
372.png,6D9B81F53FE4523769E9EE4DF198788380B2855EE6E20FFB4216F949335844F5,18.84 KiB
373.png,525451ED0910D4BD975A56728EF083ECD01CAF4C3FCCD2CD4BA5771E6F5A8E41,18.85 KiB
374.png,7D05C1ED3AFE9620317F261121AFC8823E6E5A98C9BD8360269B02233F7EE978,18.75 KiB
375.png,7AA3CB8D8A980A0051DEB19CF440506D43E4D4CAE817B3D7B28A0DF79E1850C7,18.71 KiB
376.png,10C982E544F52BBB31DD777B7ADA77F69DA779AA92084B2897F582A356208AF1,18.82 KiB
377.png,0ABC0D6930416482D57BFE04F81D3C845203806963CF2027F7021D7F64E22A11,18.85 KiB
378.png,680AC18EA608DF44033E7FBD2D6FAC232C184BB7946773E31885CE66C277D24B,18.74 KiB
379.png,04A22256CF1B96C67E90892BCA2814E0E7B07121F9049E7DD9EC2CF9DF26D45E,18.46 KiB
38.png,1CD22D8F2378DAB660A7F3C912991B4D0DBCF56D69A4D65CAE4737DABFF47A6F,19.07 KiB
380.png,F0380BFAC8A7106629FB3B3AE8F7179A9C63DB26E7D03666A521333FD3E5E5D5,18.58 KiB
381.png,1D4B0CBDDE3F6DDF3BD7CC4F88F6DB90420E0614BB9DD58E9DA18C9B52A5BBDF,18.76 KiB
382.png,14788CC7E6A90158E55D407BFC76A356167EEE16D7444201EA18E4B9AFBFB9FB,18.85 KiB
383.png,BDD93E6B2672C9482C98FD0306F202D3593E158BB96A921A0EECE07AF4463602,18.87 KiB
384.png,6D7A8BED8B20C1806E4B08DEDF8A3BFF5C307201F980C7FB92225E0880AF8FCF,18.77 KiB
385.png,82EFEC65D1BAB525D9487D8EDC2168581823CF90D2AB7C95EF627F59E236164B,18.73 KiB
386.png,29C5FCB0D40964BCCD71896833115502DDBFBCD533BDB1A6443741AF2EAC457C,19.1 KiB
387.png,CA20DC6057367C4FE906C76F7C63854C3C472FEAD7F3995957ED8386B1F17B86,18.72 KiB
388.png,49E9348AED86357E454F3B70FD8764F30AF2BF7078EC40BCA004321E63B774C3,18.75 KiB
389.png,6532D09DD7BD01ABC65AB0BF6B375ED3BE86FA79E0E9741058D7C0A5F48FF5B8,18.83 KiB
39.png,34C686FC83574B1D3ACAB5B4924F7621A088445F96E498EA265257515DCABE72,18.73 KiB
390.png,E82D91E09E182BEB9C3C02AC6407192310FC9BA646B05CD42C98A3B84B2F0114,18.72 KiB
391.png,5A40E31EB4E54D28C3BB0B7E3423D7652ADD504EA63B7D875845438E79959F89,18.79 KiB
392.png,7BFDBC7FAD1528950B1689A57270C5AA483C91C40889F6916BA9EEFFB2D56B93,18.85 KiB
393.png,2A4B348CE746AD3B940BD1FBFC9F4252A4971AF749279BE9D7DE1458A53BC38A,18.81 KiB
394.png,818244FDACCBFE992AEFDF4A3D7A9BB812623357BBD862090395C991769DBCBF,18.7 KiB
395.png,26A77E59453B0F90ADD3A2CD0503D3E6E6915F34127D33F157C5EAAF19536E45,18.74 KiB
396.png,C7BC5DAE30E3F1A95FDF6D00A76EDE459A0B50DE7BA8CC27FB4200B3CA22CA46,18.79 KiB
397.png,06414DA39061C8CE69AE405AE4EB1CD79A3007B54E936A50BA083905A7E6959E,18.8 KiB
398.png,EC67A58A609C81856B3147FCA0BD0432504CE8B67B91B8FC725404B5946E2587,18.8 KiB
399.png,2EED7567D46130FB0AD483BB5AE79DE0AC7FE048F6F818B7CCFFF2C59254770E,18.83 KiB
4.png,6DF8C03836F40B50685FC9AC279D77A2E1F5E6C4C7B02DDD7D412AE5DA630DF4,18.73 KiB
40.png,EF832CC6903121F1D15AA0710E5AD6D70E71843B49A50C6400E2170C4F5FE48F,18.76 KiB
400.png,8E3502F2D6289005DDC57FE6BDFB160817E205414A8690E0C9A286CC54412B31,18.8 KiB
401.png,0ABC0D6930416482D57BFE04F81D3C845203806963CF2027F7021D7F64E22A11,18.85 KiB
402.png,683A7A38F8363F7CECA2872718E9E606BB8F6520ED96F8DB170C9FD0046952D6,18.81 KiB
403.png,0F93190C68007B2CFB34E6A0FBF898601C9E13D986C78749835F90DFDCD95AE7,18.79 KiB
404.png,F6156359536FA6EADD8DBAE6CB1D5E38EA473649720E313D2EC8C763A85B1E2B,18.69 KiB
405.png,480676DA55AAD07016B8DB1909E6BF92B32E9AE097A6CE2C19F2C0C6C9A605F6,18.81 KiB
406.png,E492B613CD4F24B8AC1156674CD3A57EB65DAD11EBC6BDB48CC79689FE2E151A,18.83 KiB
407.png,DAC28092DA2815321725B4DA31344F296DEF7A54D1C2D331C46AE4EE6665DF8A,18.77 KiB
408.png,C8FCF1CE60EE3B718B8FCE96D6553BCAC2E0A0DDE696F8A13BEC4C0A8B0A62CF,18.82 KiB
409.png,6DEED74CE961043DA170E55C144F46B025BB86D6C60A76E40499B383068A3C93,18.86 KiB
41.png,FA30A8B99953A9D0B657401425262086690134A08F1201696DB7D9796CF9EB14,18.69 KiB
410.png,BE5933AAD3931285C91DA3F2BFC792B05FC4B604223209ABC9BBB140937A5464,18.7 KiB
411.png,57ED7BC0710A1DD1E7B97D4FDF074EDA5343E462EAEF76E2E0EFC80988069119,18.73 KiB
412.png,56A6CB1174F578A63F3B1F19CA2E11A460BAA2C0988059E9D60928AFF63D3858,18.68 KiB
413.png,F9CBDD0776094BF77BB856DAFF72EE098F6469966E7211DABF18B633B544A59E,18.85 KiB
414.png,FDE4078689D09EFE595503F3B1345CD93EE1E873B96FD4E2080CD37F2CC5A84B,18.72 KiB
415.png,547AE3A57EA6BB32C066E619EF1DE8980E03C0188120F44FED3C189230A77381,18.93 KiB
416.png,FF8AAA0AFBA460F6603FE32013803FB2C91C14D96F04B41FF38C8AC19CCE3C95,18.77 KiB
417.png,AB3837BECC7EA86BFAEC9B2801266566746970C2D2A5111EB686E5B3190BB9B6,18.74 KiB
418.png,601ADA1F5BEBBD97C3E3FD9BA563A52846AA4A39ABFA191C4B0319C24622DAE4,18.8 KiB
419.png,3A368E09EC11A39654AB79D95A8A12BF72A0D139E6DBC15D6B66641B56EE110F,18.75 KiB
42.png,B5D41B88ABF3F37CF18EAF6C55D3365197C5A5B9FFD860984D703D1710C57B48,18.7 KiB
420.png,A4DA867284D66979B22848DE63A979267918D30E244DB6342ABB77C9D8DF34D5,18.83 KiB
421.png,FCDDA57119B063715C9B1E34328FB782DEFF38BB53B07B6A6B8AF960C8038AA8,18.58 KiB
422.png,120631A43FFFCB1774481A73694E8C5D809EBCE0BF06E9B87BE28A9AFB4382E5,18.73 KiB
423.png,C4FF48634C011418EAF90B2EFEA23AA0AAEB36FE720AF84D57F6F9CA16E386FD,18.74 KiB
424.png,283E6061094C1D21EC0CC79B96B31EBBB05F618DA5684764B321F06A999F5D3C,18.74 KiB
425.png,181AE2E8384AFB7A0D9342AA16FE87DF610173348403D2E63F4402E8AA3AA9F0,18.77 KiB
426.png,57DC2A3CC53069FCDD1C250FB6D81AC82DCA231447B0D64FFC87C00FC30DEF52,18.71 KiB
427.png,BA938AEC06CAA7C4F0FD3A128A0EC152D8D9C4FD9E4F01CA943979A7D49E3A37,18.7 KiB
428.png,A716C834980C33AF51A333BE0B61EB968192A1527A9431D50F5BF28D3D9974D1,18.85 KiB
429.png,119B12115A92581FA68C2D75CA4258766C820613AE0166BB6C95372DBA70C65A,18.81 KiB
43.png,432AAD748131DCB18EB6EBE1700EFC0D1E473ED57EC22396BD2D0AF0481EB2FF,18.82 KiB
430.png,73B7468A36319B7B0E9BCD2103C62A96A0DE42FBBE1CAE9F3AC48A21920220CB,18.51 KiB
431.png,5E529214B3F921B2656E6FD7BFC194A8487C6FB297FBB34AFF5F2006E060C64C,18.69 KiB
432.png,6D7A8BED8B20C1806E4B08DEDF8A3BFF5C307201F980C7FB92225E0880AF8FCF,18.77 KiB
433.png,2CBC948B5C7A2202C51EB74F27182957C74A2C21B1C12A2EF72B5EA8553C72D0,18.83 KiB
434.png,5C3C8F42D0099944F030462E4843BD377EFF6F72CC88AA01BB5ACE40292607A2,18.66 KiB
435.png,11328295696E0D90677094B3179A640E30B06185F3801AA8FFF0A8FE7461A78E,18.76 KiB
436.png,F0CF069FC5CE53BC04FB9F2B5A202899160414AF1F8E31AF7D6E65D95908977E,18.76 KiB
437.png,C15CE250E8931183AF1FECABA42C20E91CDEC960C4F3B468E60EA0C9A617E41E,18.81 KiB
438.png,624559D7550765C6352D265DD4D60FD6514E59B2271CDE04DCDA766266522109,18.81 KiB
439.png,9278E937572218C43AA97EF9FC5567F50B2438318C4BC08489EA6D983D1DAAAD,18.81 KiB
44.png,FA30A8B99953A9D0B657401425262086690134A08F1201696DB7D9796CF9EB14,18.69 KiB
440.png,3A6D49531C0CA735273B2BFF6E57E49D9CC3D89FFBD262402FD79B969DC5873F,18.79 KiB
441.png,D36FE612A162FDB558198F4C821C56F492C3A75EE46004FF07C741A0D4B5A367,18.85 KiB
442.png,D2F81D418803C22160B34D919E3CA92FE63642E6C3613C8D9AC6A31ABADE2B18,18.82 KiB
443.png,0EF1CD144CB3315121F41801512678F12C8B6BB642D7F225C64AAC316D8DF769,18.84 KiB
444.png,480676DA55AAD07016B8DB1909E6BF92B32E9AE097A6CE2C19F2C0C6C9A605F6,18.81 KiB
445.png,119B12115A92581FA68C2D75CA4258766C820613AE0166BB6C95372DBA70C65A,18.81 KiB
446.png,1348CE71BD179D168D2AF9DDA3D1B4D6477802C904BFE791598594EE3A660E1B,18.83 KiB
447.png,2056CECE6E5BEBF570E54D873CA4611D9AA1C1FB92C6ED1781D781588129FAB1,18.79 KiB
448.png,4C25451829AB59167A5DADDBA91B56FE82E74704D35E9E527EF88BD64BA84026,19.07 KiB
449.png,7CD1E4BD9690E1728B685F89AAD3EDBA585FBDA1BC090ED4B4E3450F19A13D77,18.73 KiB
45.png,BC67F057E3FB4A32C73FC21E01DED48665FD4A3B0BB138B3E29BDD0195931AF2,18.42 KiB
450.png,462585E16E1DB2B954AE17C726DC0409FE5075BDC78EED8986B219FE8C81F6BC,18.7 KiB
451.png,90877951F99D0903E4040DB0BB18294E51DDD89A348094025F555016ED04BEDC,18.67 KiB
452.png,F7F85424E496EE0451F94A63E1D069469B70872EAD95697B6756E09E0BDFB89C,18.65 KiB
453.png,04A22256CF1B96C67E90892BCA2814E0E7B07121F9049E7DD9EC2CF9DF26D45E,18.46 KiB
454.png,587A4F20EC0D14AED3EACF17BB985077E928DC6572A1120A1ED6D37C90246471,18.74 KiB
455.png,64A51CF144BCEB14A5E134E30FA6131704A1AD7F3D139A28F91F21E4D344EABA,18.79 KiB
456.png,C8F8B7D76559B68EE7A1F88C0244247C6C649BE509C13658E601B10B63587D44,18.79 KiB
457.png,84D1EF59CB6F1B63F70CF0E7B0421B0342D13C9D6E4FABF610B980AAE3E57B1B,18.81 KiB
458.png,B5FB0DF258A6BCC4D93B52CE7924FCDD55D253A8CDCBF18300C0604772FAD7F6,18.81 KiB
459.png,F1B9E7120DF665D1E014D11EFDB9D1BF8D18C4FDEABEF2CC1E06E5A84D1883C7,18.65 KiB
46.png,85C72D1FECC1CBB7EC1344ECDC02C2D3E758742AF96DB5C0DD7158B3ABB8F75A,18.82 KiB
460.png,02A3E1C4417618CEDC3D11505FDB76A6AD4E93135D0C95B5DB8275B8F9DCAEE5,18.78 KiB
461.png,8F0BB98CFD2540DD39297348A1DB3F1E3BE76791D5B08032C50C151CB76C0DB8,18.68 KiB
462.png,57ED7BC0710A1DD1E7B97D4FDF074EDA5343E462EAEF76E2E0EFC80988069119,18.73 KiB
463.png,1A0E07D2CBBF8E29C41E6779E7E3BD59AEC74DC6767B73C77C5DC2952B4F4F00,18.67 KiB
464.png,330E0304F20198DB9D576B5F13B024E8BFBFEE8BC2FFC276BFDA10C8FD360C1A,18.85 KiB
465.png,FADAE6CDA3EDBD5DC34AF4ADD7BE1EA086CFA655CD4FB61B40B0F7B5E8447C7E,18.74 KiB
466.png,BDF264301F7717E0A8E43ED9B39FDD1441D4B2C430F88E2A09CD54447D23AEBC,18.63 KiB
467.png,34CF2858B8C724979CD49AB1543A08E7F86090D2853C47F9660FC2D153098F0C,19.01 KiB
468.png,6D7A8BED8B20C1806E4B08DEDF8A3BFF5C307201F980C7FB92225E0880AF8FCF,18.77 KiB
469.png,B042B51DAF506936486B641AF4D4719182AEA62F1965053AC5E84C6BA0D5FA45,18.63 KiB
47.png,0F74121493C3ED9C975DC0340D61D25B814A1C199D2ACB7BF273F2B254F58B01,18.83 KiB
470.png,49D9A58DA82C01D568DF25BE66166A86EA5A5EAA5112D6C3134491DC79F7A899,18.71 KiB
471.png,601ADA1F5BEBBD97C3E3FD9BA563A52846AA4A39ABFA191C4B0319C24622DAE4,18.8 KiB
472.png,367E28D578B334E6AD455AB9465715BC04D0D8E722A9889CA20E10D5D9B0C970,18.82 KiB
473.png,9BBD8A2E5651995F2D32B4D5DBC9D61050AFE8EC12D88B9561D601BE99F58BB3,18.69 KiB
474.png,C2BDFF094B062B2DE3A369E3A1B4A29CB3E031E8F70271C4B8DE81A4953A3727,18.7 KiB
475.png,C8F8B7D76559B68EE7A1F88C0244247C6C649BE509C13658E601B10B63587D44,18.79 KiB
476.png,A860635B3DE6BC18E0F303B43D81D1A6DB28523D4556B22E81F24B546EA9AB2B,18.83 KiB
477.png,BA89A8937BEB5D95D9DEFB187448D65653C2ADE907323664EFC07F7FEBF77879,18.76 KiB
478.png,1B04DA28FBBC234E735CD7BD35871724256E091222B4B8715C13F2343D73F69B,18.64 KiB
479.png,BE5933AAD3931285C91DA3F2BFC792B05FC4B604223209ABC9BBB140937A5464,18.7 KiB
48.png,874E4F233C8715CA4FBEF23377505482E7A0FF76DC2D1E9B90462302A7C7D329,18.76 KiB
480.png,6DDCB4964E319EC1B42DD92E8969CC3D3D5101F1595DEA677D73AEBB6D7CF87A,18.74 KiB
481.png,509631AE46ACD776241E2642C69C6BBF8206A79E017E0E8BFFA998A41ADFD777,18.79 KiB
482.png,680AC18EA608DF44033E7FBD2D6FAC232C184BB7946773E31885CE66C277D24B,18.74 KiB
483.png,57ED7BC0710A1DD1E7B97D4FDF074EDA5343E462EAEF76E2E0EFC80988069119,18.73 KiB
484.png,C3129F2FA5A99588CB1F775085BAA55FF0DC47A7BB4F3AFB8CA614036C0EBBD7,18.83 KiB
485.png,79A6E2387CB0FD2F45D991E8411FE274A8864731AC6F93722ACDE008BB9EA7B2,18.69 KiB
486.png,8A25536CB6708410E5123A7D1246EC8BEC82515ADDE49AB2087D6411FC8E1051,18.81 KiB
487.png,9417E9B5E684D8CAE4456BF066BCE3EAE61FEF80FF5C91E021D431D2370A8C3C,18.61 KiB
488.png,5B9E14A55330913FDBB87A2F8E08BD37EE3CE5074AA3DED2E0BF56639FFB854E,18.69 KiB
489.png,CD6B15A8C654CBCADB70625089FD28107FCACC1F599CDDAD33CA9BA4DF49574C,18.66 KiB
49.png,A0079F862D7CEA95614C31DC3DF9A471F73E58E1FCB1AB1A775727B6A4533D22,18.73 KiB
490.png,F4963D78059B26E0206C47202A778E12F2934CF250D85AF79BAA773C4569A0F0,18.78 KiB
491.png,5D4140666476204F65CBFAF4C492D310D33C85F7A53EB0E6132039EA0E3A5619,18.8 KiB
492.png,CF65E49831BD2D1B86729A7F01377B6E113EAA98ED62A6513FECE8029EA83D42,18.79 KiB
493.png,5C3C8F42D0099944F030462E4843BD377EFF6F72CC88AA01BB5ACE40292607A2,18.66 KiB
494.png,695EB5263C1C1592C1CDF558B4EFE30B45FEDE0CB440B29E47B9226596D40F60,18.83 KiB
495.png,88F6FE53990E7CC686BDB6DCEA945E6F5DAB780EBDE6D5FF22CCC516085A639D,18.71 KiB
496.png,C8FCF1CE60EE3B718B8FCE96D6553BCAC2E0A0DDE696F8A13BEC4C0A8B0A62CF,18.82 KiB
497.png,1348CE71BD179D168D2AF9DDA3D1B4D6477802C904BFE791598594EE3A660E1B,18.83 KiB
498.png,3E1902D4FAF9A2C077CB2D81D369BC51837F58614E8257653AFC02D6A69F984D,18.83 KiB
499.png,7B90BAA84D25E11452558B7D0423C2AD9944EC0D2E345056F11774D9FEEF747D,18.77 KiB
5.png,FDE4078689D09EFE595503F3B1345CD93EE1E873B96FD4E2080CD37F2CC5A84B,18.72 KiB
50.png,5DAF78A2F0313D9B8406EEFC3C21BEF1F2EA0BF19A51FB8E7B8E1179E282E97A,18.81 KiB
500.png,EEDEA085BB8F374330470E1C1591E81E4C1E13DC0E89FA51DDBE6BA835D13F8B,18.75 KiB
501.png,5B2EC459FC3CFAE303186A0DB0FE152FC4E6B1B53DA701DE025672FAA7DDE938,18.84 KiB
502.png,02C5E1AF1B42FC4DA253AA5FB3E4722EFB5B9943247539668B74708740EC313E,18.66 KiB
503.png,CC7D14342C971F24858D58EE5000C4B4A992A66E03DB023AEC97EDEB4F94183A,18.83 KiB
504.png,4C25451829AB59167A5DADDBA91B56FE82E74704D35E9E527EF88BD64BA84026,19.07 KiB
505.png,1B36EE1F7D33E30AE8C1B9A2089E432A2F1B310FFFEA5532EEA398C0B841E662,18.73 KiB
506.png,70BAECCF23AC84E239DB18999840E2EF377BE5C7137E187BD8E8FDA435BDAB30,18.79 KiB
507.png,38805DA3EAC50C1FF666F5FAE551B132880769ABDA4DF3D202573D4C95B202A5,18.83 KiB
508.png,CBB65BB0342845D2935D6CA14BCB6766E64425489686794E8E461F117DAFB38D,18.82 KiB
509.png,3A0DA7D0E3B19DCB46D56570D99E4F9165B479BC3DE367D9B67DB2CB5327C759,18.78 KiB
51.png,C72FDA01FF50A401FA8D881029DDEC4E2D2E80B719EA80005E2DD88D39A1D654,18.79 KiB
510.png,F18585578AD1F43DE51409E37DDA5F5127B5AC5640C1AB6FE9BE9DD61D9D2B6A,18.58 KiB
511.png,29C5FCB0D40964BCCD71896833115502DDBFBCD533BDB1A6443741AF2EAC457C,19.1 KiB
512.png,EF832CC6903121F1D15AA0710E5AD6D70E71843B49A50C6400E2170C4F5FE48F,18.76 KiB
513.png,2DC193ECEA1E8981A260527F137A35082FF7C978B78E3EE2BB5A223CF61F2B12,18.71 KiB
514.png,0F74121493C3ED9C975DC0340D61D25B814A1C199D2ACB7BF273F2B254F58B01,18.83 KiB
515.png,1C462C1B243BE9DAE6B5E45900B9C5B062DD5D0D3C32A12BACE4EB08435F9F5C,18.63 KiB
516.png,BDBE50D92BD594D72012E3E5861F884B627E8A3D7656A71FF81AC112D3CD1C0D,18.78 KiB
517.png,283E6061094C1D21EC0CC79B96B31EBBB05F618DA5684764B321F06A999F5D3C,18.74 KiB
518.png,34775AA2B096720B8057A736131DC88828ABE424BB8C466DA2610456EBAD312B,18.59 KiB
519.png,01690B85CE0BF8499F1577D0612E34D1810EC72B41B85D28FE6A0318ED0648DD,18.79 KiB
52.png,F1536580B3A5D6C9E0ED5010077D6A7A634049A1A38A8DC1BA79E61008E4C647,18.85 KiB
520.png,283E6061094C1D21EC0CC79B96B31EBBB05F618DA5684764B321F06A999F5D3C,18.74 KiB
521.png,3A0DA7D0E3B19DCB46D56570D99E4F9165B479BC3DE367D9B67DB2CB5327C759,18.78 KiB
522.png,8E276FDE47AAD4762C11A8326DCC27A6C25CA8B1ACD195774B5F1C5FA5216488,18.83 KiB
523.png,3517B0DDCA9834F338F91689B28D6AE974EA9E856AEE56A4C9C284A66B248859,18.74 KiB
524.png,BEAB9CAB2FA41B30C28331795823249778CA02C3770AFA7D294FA8D3961CAC5E,18.69 KiB
525.png,2F1C860907FB2A443A935F939212CD6F724B38E57DD80259786CD150E552B2E5,18.79 KiB
526.png,D1561ED47BB4A1677DB4EE0C172AB775E7BA4A83849907A09785E190A2BB2479,18.42 KiB
527.png,D0F577458A61231D3486032D252182C4F8774EB132415CF97BCABCC7156B3DE4,18.79 KiB
528.png,8E16D0BF678E7822CD277F9AF889E89385A01B717CC308F21DAB5CFA84D94BEA,18.83 KiB
529.png,76B64426EFAE16C34863A0DAF05DAB33169D5D9799CD2190DF311FC6C8B0DBAB,18.71 KiB
53.png,BF3E116FEE4644C6E20DF2A2FDD0042A019108007CEC6488169C7397E3258DA9,18.72 KiB
530.png,F346BA3EAA55A517F3F1A83BB86001293AAE04434B9C5BC247633EF2D6AE54F2,18.57 KiB
531.png,365CDAB1FB0AB8B486349A25044C3164685D18BAEEACA16F2443E0785E9B58BF,18.79 KiB
532.png,E83133DBAB19CAEA4A57AFD0FFCCB3FDABA4809ADA41F3206E08580AAF768A6F,18.41 KiB
533.png,1EC7A06D1C468469DABC733E337ABF935F3410D2E203F38AFFB0D67CAD7F36E6,18.79 KiB
534.png,20818DD6D03969E32019DB7ED8294EE4F605071388C54F47993FE8B2BCD4D861,18.73 KiB
535.png,B0E5140317E93773CF27DBCD5E766A34D6B80B1319492EFCF7120E5FED27896A,18.64 KiB
536.png,58090FCA62A8E08495CECAB9D4847337322F592CF307265D5220CB30AB99BBDC,18.82 KiB
537.png,FA338CBA0D49519C4D27FFA9BBC7B0AA6568B4697CA2FB7EB6A340BA50C770D2,18.85 KiB
538.png,92AE121D93AECCE3744B191F3250C4DA1306A5F6EEC67DD5B08B47994C452D5B,18.78 KiB
539.png,A0CE9950D76DF8FEA60E440B742FBFCC13D28D8688FE65FC4967517959523A2C,18.79 KiB
54.png,E5D16D10686169AFEE1F3D70C7F69AD25C5B1AAF8048593E4EFF4B19E55EFA9B,18.69 KiB
540.png,7A7E57FCCBD5F098AFA8F49C8C132C60625C62140D64BB1B123EA082C5548A2E,18.72 KiB
541.png,7273B8500F16CC1EFCC53CC9182841E3E9F83234DC073875EB928A87137B754C,18.78 KiB
542.png,2C9C7B0FD9AEB76E9FBA8B6B738FD8DBB4DBCADA7F980CE795D4FC997D8F78AF,18.86 KiB
543.png,166C1F87959876822254BC0CCFC747325C4FEA92EE05A80782CEBF51924F795E,18.69 KiB
544.png,B6F9E5D0E1A978D738E6F60BBD17B9A75302ACB9C54FA2A3523E414DA08D9E17,18.7 KiB
545.png,089CECBF25A812D17769ABB1E66DE75E83F3A17155859771F411CA3B85062C95,18.74 KiB
546.png,D25EF829C430A6BB580C6FA317B5776168FA2EB7F858F2AB86667E69073C656B,18.8 KiB
547.png,0A90F7CE971C08AA9A133D088E6F16403DB39F804F1EA2B0D4317177FFDF554D,18.72 KiB
548.png,227A9BC378CF8D4D78BA5AA9AF072C1F650A139F04CD2EBD9C2B290F5D22B9DF,18.77 KiB
549.png,F1536580B3A5D6C9E0ED5010077D6A7A634049A1A38A8DC1BA79E61008E4C647,18.85 KiB
55.png,5C3C8F42D0099944F030462E4843BD377EFF6F72CC88AA01BB5ACE40292607A2,18.66 KiB
550.png,0CE001E57A82EE4AFA79636D058F264F30EDD390E5FB9887A4B24E73B24CCF45,19.08 KiB
551.png,A58BF17D14C65326502A914B4BD795140EDAB7200AD820BC115D5F79E1F13997,18.79 KiB
552.png,6E5CEBE7E16099FC05880DB3983E9A62931930BA1628CCC787C3ACEBD3B95D71,18.7 KiB
553.png,CB6273C193DCD392DCBE28404BC10F63B609BA0D9454F486D95587DB77249A87,18.8 KiB
554.png,39CCDF2DD6583223204159F3CE79902A93E1B8FE4AF36752D74411033BEF6095,18.8 KiB
555.png,F69FCE13C402EDA4B2796A04DE9FA278EC7FCF4C86E300F8B20EBDA1A8E058D5,18.8 KiB
556.png,DE5C45B853B3097C950D9AAB3B8B5207E179D408D77FF2437A3AB30A1FD190A6,18.76 KiB
557.png,0FD2C2E4B0145ABF7A6F523A275C8803EE50F974892B1A90F18045F4CF9D97E9,18.75 KiB
558.png,BDF264301F7717E0A8E43ED9B39FDD1441D4B2C430F88E2A09CD54447D23AEBC,18.63 KiB
559.png,77B1758FBF9CE5F5A1E0B6DEB25A7C9F5916C1E3183FBBC94A458015AA1DF14B,18.78 KiB
56.png,C72FDA01FF50A401FA8D881029DDEC4E2D2E80B719EA80005E2DD88D39A1D654,18.79 KiB
560.png,873EC1E8CEA151E63217FD6E6E92442AFDB3D54F5901D2EFB14B9002B627C414,18.7 KiB
561.png,CDB4ED36E6A1D08846538BAD3FA3269BB659B5B2461C48E74ACCF58F8AB7776A,18.78 KiB
562.png,662DC510806EA42B642D54A6FB7E7C391C0BD01781BE4C552775376BE97D137A,18.86 KiB
563.png,3E1902D4FAF9A2C077CB2D81D369BC51837F58614E8257653AFC02D6A69F984D,18.83 KiB
564.png,480676DA55AAD07016B8DB1909E6BF92B32E9AE097A6CE2C19F2C0C6C9A605F6,18.81 KiB
565.png,C64FE047B7D41370EEE08D256ADDBABB62303D90DD1662B69F30363E6F891FA6,18.75 KiB
566.png,87BC3DB858F4A8F3BF66D084905326B857738DDC3DCD7336C337D76E5FD7BFF1,18.8 KiB
567.png,20B4FCF0276C02CA772DECDB5F2EB47D7CD4835F54ADDABCA2736B37E680BFAD,19.08 KiB
568.png,CEBF7B966FAE1886FF29FDCA2D58428244F303842D5DE5F1A3AED13F33EAC703,18.66 KiB
569.png,2C4DBDA70DB56862FBA6359DC7852B0CC5928A2715AB912D9C75426F8F29DB04,18.83 KiB
57.png,36269B99F92D00A79240326C185166E1A3DC65D1CBD6CDA4C2981B0759ACFAA3,18.64 KiB
570.png,0AB347A4C581917AB8450C2D1ECC2317086D32F2FCB476C8D7FA883D32EA3D24,18.65 KiB
571.png,379B4C73F7C32724C6B11778BA0336CFBD3924C693E601E1033406AFC6F17CA6,18.68 KiB
572.png,08B1A31A4BDE5AB06E50E049DA58BD42CE6143830E0F3116562CDD0D5570693D,18.82 KiB
573.png,34CF2858B8C724979CD49AB1543A08E7F86090D2853C47F9660FC2D153098F0C,19.01 KiB
574.png,B12A55EC9F92278484C6A075C47FFC91B41BDF943B4CABCA42CCA7C918F9D1C9,18.86 KiB
575.png,2417EFD6ED8B1EED2DB3366811BF99459A1B270C76A2034C26EDC532DB18F0AD,18.74 KiB
576.png,457AAE1B0154931D18163AE3E4F1CB0E080439C22037469E4F9A333A85E1DB0E,18.65 KiB
577.png,683A7A38F8363F7CECA2872718E9E606BB8F6520ED96F8DB170C9FD0046952D6,18.81 KiB
578.png,62B82E51772AA53D9C8747B67DB1C15D6C2E8E01724DEBB4B8428B5E3F90A436,18.91 KiB
579.png,35C39E0119640FDD54A608F8041F5FF009250C738A4CFBCEA77884B6A0F8EDB1,18.85 KiB
58.png,3DE0F9D262124274C2F8CB60AB5BD36B8EF141BE3131B260E644429871BF79A5,18.74 KiB
580.png,556E57CBA097F9F22376BFF599B887909BE258EA9A8D346290822EF3221A121A,18.77 KiB
581.png,8E0F08EE46FDD3ABE1FAC2C6CCD1DFE90E59D47F7355C52E4DEF144B98B21776,18.79 KiB
582.png,2008094AE94C9B2436290E2F863F8DD13C43DB1560A13A7DF09B662C546FEDC7,18.83 KiB
583.png,F45D73A63FA8D8B136616B9FF31A04215B75EF1C4442426EF74FA0AE61FC83C9,18.83 KiB
584.png,F7C5B4BEA383FBCD94A898101842390855B64A6480EBECC6ED5975C28ADE31A5,18.6 KiB
585.png,6FCB603FD0184B8D7484744F794609531A7136DAFAC241B376DFDF71E6E37A7C,18.73 KiB
586.png,662DC510806EA42B642D54A6FB7E7C391C0BD01781BE4C552775376BE97D137A,18.86 KiB
587.png,8CDCDA7C28D7EC3EB7F111DC3088E68E7E315CA6560059386E0320AAE3EF19D9,18.75 KiB
588.png,31C9830989E8EE0CC6B64310187BB279DCAFCA12EAE5BD3EDFB633AA3F9A7A51,18.9 KiB
589.png,B02CBF629BFCAFB6B1B3DFB65E994A3D865940A71DBD3AA718A6DD02DAF000A2,18.72 KiB
59.png,F6250AAED9C396F839DA60F604C04771BD550704FC97BA549CDC2215F65C0EE4,19.02 KiB
590.png,D9B0D49F8260A5F8AA043D5E5EC8FC3C442E69C4095146655BA506EE0264AEFD,18.75 KiB
591.png,66A32A88DAD6B4060E3EAE588876C3F91F732016127619069708BAA4DAE655FA,18.76 KiB
592.png,6532D09DD7BD01ABC65AB0BF6B375ED3BE86FA79E0E9741058D7C0A5F48FF5B8,18.83 KiB
593.png,72C74CCDFE3A10E81F46C2F2C01A0FC50897435419337524CD223E95FBA31062,18.52 KiB
594.png,1345879BF40D183716B32BA4421664E3509CA71A6F1A2E68052407F0A51D5CBA,18.72 KiB
595.png,C8FCF1CE60EE3B718B8FCE96D6553BCAC2E0A0DDE696F8A13BEC4C0A8B0A62CF,18.82 KiB
596.png,367E28D578B334E6AD455AB9465715BC04D0D8E722A9889CA20E10D5D9B0C970,18.82 KiB
597.png,BBEE8664FA2659F0CD060B75403D0E07F5C78B8AE3EBCA33C00973E642E32900,18.76 KiB
598.png,29C5FCB0D40964BCCD71896833115502DDBFBCD533BDB1A6443741AF2EAC457C,19.1 KiB
599.png,82E328F912B4C140FCDA9BE8BE9CC5C8E5942F68C33201089FAA471A88D8D12C,18.74 KiB
6.png,1D4B0CBDDE3F6DDF3BD7CC4F88F6DB90420E0614BB9DD58E9DA18C9B52A5BBDF,18.76 KiB
60.png,D66AB74F7CFAA35023124775E1B886ECA23E75973D9207EFEA9E75AB28781706,18.77 KiB
600.png,C4FF48634C011418EAF90B2EFEA23AA0AAEB36FE720AF84D57F6F9CA16E386FD,18.74 KiB
601.png,582C9B852D5760D3F1A80810D6BBBF924800C29745060B1ADECEBE315B1D25E2,18.7 KiB
602.png,F9CBDD0776094BF77BB856DAFF72EE098F6469966E7211DABF18B633B544A59E,18.85 KiB
603.png,B963936E99B95A6270034DC6E6BA8E43EAC280739C64EE8185184A79A726C573,18.78 KiB
604.png,72869FAB14D952D9208E0CF8ABF494D6ECE76508E96D274DAB96A2AFBAC8EA88,18.82 KiB
605.png,33D19EACA1E3306647AA6F6EF19BA5396FC155668BFF040BBF19292637CAEDA5,18.81 KiB
606.png,38FF4470E1E87E458C91B4F6FD340FBE16C8BA0DA4344C01C0839E991455A755,18.51 KiB
607.png,81779F93F3F619FCB7823626B8F5FF40E060527CAC65FB13A780888742A21697,18.69 KiB
608.png,5C3C8F42D0099944F030462E4843BD377EFF6F72CC88AA01BB5ACE40292607A2,18.66 KiB
609.png,D2F81D418803C22160B34D919E3CA92FE63642E6C3613C8D9AC6A31ABADE2B18,18.82 KiB
61.png,86EECF67737442A6527FFD6435F8D570DA8844B61FD33C90F6F0BCFD94706EF1,18.78 KiB
610.png,43B2BDF73947B6B5D9591D241796148263680AEABA1EE57C394FBC57D1E666CD,18.82 KiB
611.png,C83ACBD5BC13FBD0388565ADA85A8C864613301F1F919DB3073B66BF27C81FC1,18.75 KiB
612.png,E95559C8453EE7DF6C6A5D1B5BF3AA417B0838E63913F808D7EB41AFCF5D0DAF,18.46 KiB
613.png,87029C68B2B883AB6ED0C96CFC027F2575D64DB19EE6400270CB5E7CF9F34771,18.73 KiB
614.png,CF630AC9FC8768630F63482351CCA1CE174AE8AA7D5A89DDACE6F9A22062AAD6,18.91 KiB
615.png,8FF290A42E916CF6CB912856741EA508AE2B4AD90B583D15E47104954223C4F9,18.81 KiB
616.png,46549FF9EEF65A547999FE2CFFFC9758ABB151C42D57EA6E03228A35C4EC82AC,18.56 KiB
617.png,0AA254A563E6847D2ABDDDD20EE67499DC8F2BAD8E7328AA9A2B8EE5AC01B6D3,18.49 KiB
618.png,81A93A8B8FCE20AF84895C5927431F65AB7E117AAE27F09F6548ECA3212795B6,18.58 KiB
619.png,434E79A786378ABFC9088787CBDB8546375E3A592130E9E20EB1A4FEACF3D3E1,18.8 KiB
62.png,28F15E18C8EED6AB802570F3A806CE3F4D0FB60E9324610B615755C50B2DD6CE,18.8 KiB
620.png,1F5C33B1AEBE5209EAF8263C29E62294A0AAAA79CD2E8AD109FD4744604183A4,18.96 KiB
621.png,46F253B3EBFEDC5D573A3952365FE13AC56157D80788110FEC8CD2904AF4CB5D,18.51 KiB
622.png,3A6D49531C0CA735273B2BFF6E57E49D9CC3D89FFBD262402FD79B969DC5873F,18.79 KiB
623.png,A4DA867284D66979B22848DE63A979267918D30E244DB6342ABB77C9D8DF34D5,18.83 KiB
624.png,28F15E18C8EED6AB802570F3A806CE3F4D0FB60E9324610B615755C50B2DD6CE,18.8 KiB
625.png,47DE57EC54DEC7F6D20E35B2220B2B2CE19CA859FA532F88341C06F5FB53CA30,18.79 KiB
626.png,9404583C79154E06DA2CEEB5911C5687359F71BAAF24D01CA92B1E641E1AD94E,18.8 KiB
627.png,66A32A88DAD6B4060E3EAE588876C3F91F732016127619069708BAA4DAE655FA,18.76 KiB
628.png,C14F9685CF63E71741278846D89675491DCC4D180DDCA6C50298D98F05848929,18.72 KiB
629.png,4604F5BD024F33A8FFB393651D7CD2A0F450458DAFEDE56F68451D928CDF1308,18.83 KiB
63.png,16647AA083072DCC1DD9348C4C3AF5B55FCB0856E19E3991496C049538D39FC4,18.71 KiB
630.png,CB1B87B3B054728F33E6A1F3124ADF637EB5A562A2CE706D0B9A947C15A0BEC7,18.86 KiB
631.png,6CEAD2AE06AF784E0DB89D63E249628915937E75B54998DD314233075CF8A1D1,18.79 KiB
632.png,9B41ADD27C813630472ABC8A2624948451F76C33A7D3F8E168E50E895042DA3A,18.84 KiB
633.png,A8F3151F5CA21217B30D27AF42E2D50250F4C54B366A10F7D3EAE07B853DD2D1,18.73 KiB
634.png,374E5412BD14890EF333AB50C4A2A5857DE8ECD568B436F2211FBEA544C17AEF,18.75 KiB
635.png,B6867C4368CA8F984AF3658F2DE553AFD556AF70E9EA9CC6A2969C1103A987D7,18.77 KiB
636.png,5C9B5110FDD24C57963BCF4D3767C56AAF1265754C901C4E16BA4AEDE1955344,18.69 KiB
637.png,5D4140666476204F65CBFAF4C492D310D33C85F7A53EB0E6132039EA0E3A5619,18.8 KiB
638.png,A3FD275F7B4AC1AE4BC10498DF2768BD7BFA163BBD786AFC6AA187F873BC2D4F,19.09 KiB
639.png,B7EC4430255A4A0C5C0A9C3CF8E3AA7B0179393ACA730E1B373FDEF8E5DB3415,18.7 KiB
64.png,E432068F58F7EB412E47CA1D888438E28CF1A307704A4C6D73D18489C1B69A54,18.81 KiB
640.png,31BA2D234F4DDFFD3EF84F949CF9BFA780CE602E0DE7E17613EBD38B121B32FD,19.09 KiB
641.png,CF65E49831BD2D1B86729A7F01377B6E113EAA98ED62A6513FECE8029EA83D42,18.79 KiB
642.png,AAE2C858D0EA412CBF9C7C6406DB3D064E918E58CC424FFE42AA3FB1B4D1FDCC,18.77 KiB
643.png,3EFBCF5C5E99FB7CC1EC228676C05AD3390A55697B241340117D9258BC3EB8EA,19.1 KiB
644.png,CF3A7C277387BCAB8429F59CD8FAE562EAAC7286A1EDEDBEFFD7D1D53A35E4DC,18.49 KiB
645.png,120631A43FFFCB1774481A73694E8C5D809EBCE0BF06E9B87BE28A9AFB4382E5,18.73 KiB
646.png,7D05C1ED3AFE9620317F261121AFC8823E6E5A98C9BD8360269B02233F7EE978,18.75 KiB
647.png,1C462C1B243BE9DAE6B5E45900B9C5B062DD5D0D3C32A12BACE4EB08435F9F5C,18.63 KiB
648.png,5C5FAE89A786175B7A2C0D09B3691CEE539D999EAAB7F56681767EF3A47F60BD,18.81 KiB
649.png,8BC6EEE110831F68712255407074BE0FD587D3BED357CBB0F526ABC4F9217522,18.66 KiB
65.png,0D54B07FF6F6BB35DE3A78A273277C8E733F691887B15D1BA8E0DA42F1F61011,18.7 KiB
650.png,35C39E0119640FDD54A608F8041F5FF009250C738A4CFBCEA77884B6A0F8EDB1,18.85 KiB
651.png,2887D7C42833A9462F8F25B98134E0ED23CA2A2B76F24D13532A51D65378B556,18.58 KiB
652.png,827A9FCC0FF37D57A30AD61C8A224B6106B2E5ECB0075AB3F9BDF95C51F61DFD,18.8 KiB
653.png,40D5A1FB19D0E2932E515A6D1AF3A1D2801D4C23AD80F1451C915F21ACEA60CE,18.88 KiB
654.png,D0F577458A61231D3486032D252182C4F8774EB132415CF97BCABCC7156B3DE4,18.79 KiB
655.png,3FF8235BD3C49160C9C7F4D612765949BFBE51BB05A0425705A1985A6E54E258,18.86 KiB
656.png,BA89A8937BEB5D95D9DEFB187448D65653C2ADE907323664EFC07F7FEBF77879,18.76 KiB
657.png,9CDCD88B183859FE6A407996CFFC16724F7094EAF2B4F26E43FF8907A2DBD1E6,18.7 KiB
658.png,AB754E62AC9B34F03A2C7F6291515B2D9E103ED720F9177E9025D788B8194764,18.72 KiB
659.png,2F40270941DE431C3B645A8BC66BD648F373E622E693284279782930497724F3,18.74 KiB
66.png,79D47ACE0B3F435E0DE6ADB5820AA72839F61352AB319CB8415891AA995A1683,18.81 KiB
660.png,8E276FDE47AAD4762C11A8326DCC27A6C25CA8B1ACD195774B5F1C5FA5216488,18.83 KiB
661.png,4D65E952CCBB72D9AC3A6BF736C653F787442D551E2F8AD34F567D696DE4A3D3,18.79 KiB
662.png,20190F7C64E217448CE7E9A8997A9447A66DFEC781309D4CFAC16931CCF671CB,18.76 KiB
663.png,6BD40D24CB5FAE151E39B750067E361801CC33576D30918674D17B729B187913,18.72 KiB
664.png,3D87785AF588F10467D542BF28CD01FA25A3477E76E877A3EC9A536CB15B6E39,18.73 KiB
665.png,F7C5B4BEA383FBCD94A898101842390855B64A6480EBECC6ED5975C28ADE31A5,18.6 KiB
666.png,1EC7A06D1C468469DABC733E337ABF935F3410D2E203F38AFFB0D67CAD7F36E6,18.79 KiB
667.png,119B12115A92581FA68C2D75CA4258766C820613AE0166BB6C95372DBA70C65A,18.81 KiB
668.png,5202E24360D6995C2D9F89F939D55425D511E169F64A58702539C70CB7670DC5,18.64 KiB
669.png,1CEA72F9D1543B8A3DD9FF1574A6467FC099F68D33EC8FB71235A6AD5894AC8F,18.87 KiB
67.png,6AD3EAAC32A12E166BDEFC2B349D6B14089B5C725A17CDF08C3EE4347BDB90EB,18.83 KiB
670.png,80409AADCE9986BA21AC392C433B977542FF07AB0F9AD1985D6B1D2EE3B3CBBF,18.72 KiB
671.png,939929652837BAAC004C2C339E32D34AF68F55485811E2EB8A4777AD634713FE,18.52 KiB
672.png,2DFFCC472D9A5507119F884E368B026B01583AB96F45B7ABC0F894BE9D1F90FB,18.58 KiB
673.png,20754E9678E05A2F5DBF04169BDE47B49BCC089EF2213B6D387416C947495B1D,18.71 KiB
674.png,91246EA6078A7C44F4278FC5C4A94A593C2B6427B584BD803968D4A14941710A,18.66 KiB
675.png,C265786728F74C6A329AB3E7C4141DE957327731D3BF4A5FDF8DD2FA0BE43641,18.86 KiB
676.png,9BBEDC13D1AED4A6E9D7026E212954E078C7AC35D5A20E70461208D04EB0AE12,18.59 KiB
677.png,57ED7BC0710A1DD1E7B97D4FDF074EDA5343E462EAEF76E2E0EFC80988069119,18.73 KiB
678.png,83F58A9821063D542622F8BAADCEF0060716E469E55ABAE132E60E80A7966808,18.46 KiB
679.png,4D2DC3709E680555A1E099584627CD297B1D7E72F730545E67671ABB4CFE5A9C,18.68 KiB
68.png,B1288C084C1B6908C64460AFC8930497AAD975101F43D5B015FD1C652FFAFBD1,18.82 KiB
680.png,393C861B0C7C9B29E556B06615ED5173824558276538C44A97B2095FF8D6378D,18.88 KiB
681.png,8DA54D01234B44727BE4D81705146F083C7B3BCC4F928ABEB9ACFF98E9BDD8B2,18.96 KiB
682.png,81650EE512AD89BA26809E9C7DA77E557DCFC4D861A82D4FC839F94B20FBE2F3,18.72 KiB
683.png,1055D825F21784EFC3A28C6888238C795B5134BB80520BA4FC3B2DD732ECE808,18.74 KiB
684.png,086A6ED6856EBCD51BE1E88988B15D463106E0A333DD89D2CA35C93CBB0521E2,18.72 KiB
685.png,83262DDCF7677CDA9A9A4F5DED5F8EC2FC8EB7E0805DC88DD64A43D7252E65E1,18.82 KiB
686.png,FCDDA57119B063715C9B1E34328FB782DEFF38BB53B07B6A6B8AF960C8038AA8,18.58 KiB
687.png,5D4140666476204F65CBFAF4C492D310D33C85F7A53EB0E6132039EA0E3A5619,18.8 KiB
688.png,C3A59280903E3C8BEF4ABF95E806C66C7FA0418598F46379803A414976C2F427,18.83 KiB
689.png,7106273ED68E65C5C7FEBBA6BCBC85C1930A966B4611F15202BC48694D60E031,18.82 KiB
69.png,577DB934C599D5028C86F4B5E8D166EA92156F4719B0A7F52754898D4641BC88,18.87 KiB
690.png,C2F9E6D0FD7E27B2D9579D85DDCDCC39E1CF933CCE5F33A662DB49FDB962CD2F,18.82 KiB
691.png,300BDD4E8C5549533244E7DEF2B9F6125EDA939B50DFA7AA408089E378C3BBB3,18.81 KiB
692.png,A3C29E41F7A3465092AE74111677113B2ACC977779CA367C0F210CF8C7326BDA,18.74 KiB
693.png,FDBDEE7876BE9DDCAE8A5B1AA93E6F89DAD0E45F90696C364E9F4E29846B39B2,18.82 KiB
694.png,577DB934C599D5028C86F4B5E8D166EA92156F4719B0A7F52754898D4641BC88,18.87 KiB
695.png,6B97D0A5DD149396B10CDE50474660B0EA230A988D5974A252BA96C4429BCCFD,18.83 KiB
696.png,BEAB9CAB2FA41B30C28331795823249778CA02C3770AFA7D294FA8D3961CAC5E,18.69 KiB
697.png,6DDCB4964E319EC1B42DD92E8969CC3D3D5101F1595DEA677D73AEBB6D7CF87A,18.74 KiB
698.png,4C86C9EA10C6E4A6D11F6553BA93372E48A5B99938391938CE6DEED7E96E47C0,19.09 KiB
699.png,D7912659383C2846AEE7D86274039F73FDAEFA88A938D6B50B824C18FDF340F2,18.81 KiB
7.png,419A1426A7C03F97C843AA66F2B9C7811CA14814DF4FD9BB3FCB1D5852478A79,18.73 KiB
70.png,516734158855433DF72A13A7833D520A59B8FB18610357A086EF9264C095B364,19.04 KiB
700.png,CF51E3DC1DE83D19BEEB86BEC8343C27C6A663824D9F0D3CAB9773938DF6F98B,18.75 KiB
701.png,90B3452CC0EDD0617E8704898BB67A00DE0F63BB8DC48AC15A34C353D29E4414,18.64 KiB
702.png,BEA6DAD227DD6E1A87828DDF1683A4F752761C90D95989EF96F81507DB7F3248,18.97 KiB
703.png,95FCE96F8CF7267BA6F0A57C12225BAF4340D84CC6C8E04B0887A582107941BE,18.83 KiB
704.png,EA5C23B3E39A7E95F842A44B58939D7701A37BC25CD9178B39DB433C3B0E9873,18.69 KiB
705.png,F6250AAED9C396F839DA60F604C04771BD550704FC97BA549CDC2215F65C0EE4,19.02 KiB
706.png,840DDC94F96C85EBC50D145825FD19093FF97AA12CC6B0ADD2FF7452C32C10A6,18.81 KiB
707.png,21204086820E95C9FD7D122A240BC6706667ECDB30A9A04F8E05BAE71CBD0D5E,18.71 KiB
708.png,35B77C326C6A6DFF6FADD19A4667BAFC3B86FD3B94EA26DA8276F21D43F8C12F,18.76 KiB
709.png,2BA98E29404B5E858DAC7084BE8E0CEADA62B4585066C6F61C64AABE76E92367,18.85 KiB
71.png,EAA31E9C91E880D3E594F95AB265C4BA6A289BF0DC0F522DACD320D10F86A770,18.84 KiB
710.png,0EAE9A384510088CE92562B93003BD0AF29145C286BFF6E9D835D6EA3C23058F,18.81 KiB
711.png,2EED7567D46130FB0AD483BB5AE79DE0AC7FE048F6F818B7CCFFF2C59254770E,18.83 KiB
712.png,4E7E07ADD7B2F2A943DFD61D98BA049C2717AED75EAAC566F608B322CEE28038,18.72 KiB
713.png,4C25451829AB59167A5DADDBA91B56FE82E74704D35E9E527EF88BD64BA84026,19.07 KiB
714.png,460FC9AD9BED6897C89FA8BDF96A6693164243EF7313935B721F5AFA9B128FC9,18.69 KiB
715.png,181AE2E8384AFB7A0D9342AA16FE87DF610173348403D2E63F4402E8AA3AA9F0,18.77 KiB
716.png,82FCAC47436A642C62487B6247E6DF6FECC1DAD1EA38D62622CFA3A668C82FF7,18.71 KiB
717.png,65C1F66AC4BE43BF11FFF93B318E5164E8B8EA91254B112EA3719C6AD681F8CD,18.82 KiB
718.png,6CA22BA658B74E4461C2359F51893A7A1F6A67805068CC09542EAF7264BCD950,18.78 KiB
719.png,C2F9E6D0FD7E27B2D9579D85DDCDCC39E1CF933CCE5F33A662DB49FDB962CD2F,18.82 KiB
72.png,CF630AC9FC8768630F63482351CCA1CE174AE8AA7D5A89DDACE6F9A22062AAD6,18.91 KiB
720.png,2CB7D9253954DD2192F94A682F6A2D31B90394B2B429A9CCEECD8B84D6582452,18.44 KiB
721.png,B2F5E157DAB6ED77A4D87C705A5E9F789BB3DB8C7D146E1013B4F4986023CD67,18.72 KiB
722.png,ED84411934FD29D28FE1616D851EB2A53D436ECBCD988EFED2A3ED5D68079506,18.78 KiB
723.png,49E5072954882EBB47B03835C9C14F4CC93C1534EE9216066A9968B956BB783A,18.74 KiB
724.png,884813A51ADD0E58E2791211C32658721F1D5FB159046227E4FE7A62D4154561,18.66 KiB
725.png,B2145F5B175317F8CD5F78352C7AB920F2B389FDB27CF8387B200E02AF0C83EA,18.8 KiB
726.png,5319A505434011969BD26D2F1CE02DBBFD0C7CA7B39556B4744D6700F7444CE8,18.64 KiB
727.png,86BE9FD673E06C2AD09FF8545E4864E31159EA0B5726AA835D2EF032E27D5A46,18.78 KiB
728.png,F69FCE13C402EDA4B2796A04DE9FA278EC7FCF4C86E300F8B20EBDA1A8E058D5,18.8 KiB
729.png,F6070E36BCA851A24D976E2CBE58263C77399AB2B99387D936A437B91DAA04B9,19.06 KiB
73.png,8C048B0137D4F0E80F9AAAB4B33F36DDFFFD76B5C1E80D7359B6F42D0CD2AE0D,18.83 KiB
730.png,E492B613CD4F24B8AC1156674CD3A57EB65DAD11EBC6BDB48CC79689FE2E151A,18.83 KiB
731.png,1D1DEC9DABAE4FA1FF8663948522E81B14A648D1F4D8BE3FED4D59F5A996F098,18.57 KiB
732.png,3EFBCF5C5E99FB7CC1EC228676C05AD3390A55697B241340117D9258BC3EB8EA,19.1 KiB
733.png,DA30C9E357FB0821FDC3510C10248EC29AEFF22E14699FCF523DA7786CCFF20A,18.67 KiB
734.png,DA8903016F32A4F37CA123351D040DB1CF86DC47952B22F7C8F5F6950CFFA16B,18.83 KiB
735.png,0E20FADAD7CF9BFD96BCE16D1C91DDEFFCBC06A4EC887A60CB6D7EF57B1ACBA8,18.57 KiB
736.png,5B4511FDF43F761E0D8D903246DB3CC540853168106F191A6ABC9CC708152035,18.66 KiB
737.png,D785D36C4AEA97F6D5D61D826037E6E49ED00B42B6C747B8C009628B49A56595,18.57 KiB
738.png,176B0843A94CE1A0402D42D2C9CD360EB52826E74C414158BFCA290B6CC7046C,18.75 KiB
739.png,A909D8482D2EC272D78DCA0D9897E88AFAD6B08E72AB9A9D092CDB73D9CBCF95,18.74 KiB
74.png,6DDCB4964E319EC1B42DD92E8969CC3D3D5101F1595DEA677D73AEBB6D7CF87A,18.74 KiB
740.png,0CDA708D3E539CE256D1EB32202EDCB138A9A4F9C8ECF89224D2F8118F040DCB,18.41 KiB
741.png,36269B99F92D00A79240326C185166E1A3DC65D1CBD6CDA4C2981B0759ACFAA3,18.64 KiB
742.png,135CE23412549E72D83A30F432D10875DFF372A9C84DBC00E7976575DE1ECA0A,18.82 KiB
743.png,A27546CA6167639DA0E39B5AEDA1B7AD439B01607FD4DD9E5E8CAC700A975B33,18.7 KiB
744.png,72C74CCDFE3A10E81F46C2F2C01A0FC50897435419337524CD223E95FBA31062,18.52 KiB
745.png,CEBF7B966FAE1886FF29FDCA2D58428244F303842D5DE5F1A3AED13F33EAC703,18.66 KiB
746.png,0D54B07FF6F6BB35DE3A78A273277C8E733F691887B15D1BA8E0DA42F1F61011,18.7 KiB
747.png,740530E0F512551914B9A525C54FE21C3311D3E6E1075A66A2B00EFA00C9C33C,18.74 KiB
748.png,E59DB802B1A81D2754E609EF78EF6759EB4042C4488C3CC2A2173BDD4D0C13A7,18.83 KiB
749.png,3E10F224B009F1581D950C63890912EAB526727B68FCED0D05DFD1158F549A7E,18.8 KiB
75.png,FD09168A82917EC94B17EB24900624F77A0BE45EA04D3346F3DF7CCE528221C0,18.67 KiB
750.png,4C25451829AB59167A5DADDBA91B56FE82E74704D35E9E527EF88BD64BA84026,19.07 KiB
751.png,A5E7BC72DCE7293EE7CDCAD69B5164C6C9E5C9055A1B6CF3109C8786D42BE3EB,18.53 KiB
752.png,732DC833CEFE8EAC5248916A7BBEE59DC13C8C3C88269FC2B56AB8F824FFBFA1,18.76 KiB
753.png,2C9C7B0FD9AEB76E9FBA8B6B738FD8DBB4DBCADA7F980CE795D4FC997D8F78AF,18.86 KiB
754.png,BF9540915B01479F9A208D5908CEAB3BB5B3F5819E5085BA94C546E062982CCB,18.62 KiB
755.png,87D84E57636047B93CE154C85E811F948FD30128E64BE72E2B86CB9070F8B963,18.84 KiB
756.png,5378602C997CE3412AB9501945D1D3603EAF294770CA85FBF85D33B3560DFE21,18.72 KiB
757.png,43B2BDF73947B6B5D9591D241796148263680AEABA1EE57C394FBC57D1E666CD,18.82 KiB
758.png,547AE3A57EA6BB32C066E619EF1DE8980E03C0188120F44FED3C189230A77381,18.93 KiB
759.png,08B1A31A4BDE5AB06E50E049DA58BD42CE6143830E0F3116562CDD0D5570693D,18.82 KiB
76.png,327481D2B68C8AF6C612F3FFE16D82465F7EA0C3F1AA4D8B0D0873A6C0EF2A13,19.01 KiB
760.png,760E504C4F80A2E3643C6048372AC133D9C1A6531A6E5E41C20CC6C01653AA16,18.79 KiB
761.png,190167FA71323D93B58275815B2A3DBCE54A916E1772DB0EDD08C6021EBE89E7,18.78 KiB
762.png,1055D825F21784EFC3A28C6888238C795B5134BB80520BA4FC3B2DD732ECE808,18.74 KiB
763.png,D74A9E3397BB0249A5E89F710E96EC5A2810D219131D7233D219B29F874E0C1F,18.58 KiB
764.png,A716C834980C33AF51A333BE0B61EB968192A1527A9431D50F5BF28D3D9974D1,18.85 KiB
765.png,28F15E18C8EED6AB802570F3A806CE3F4D0FB60E9324610B615755C50B2DD6CE,18.8 KiB
766.png,46549FF9EEF65A547999FE2CFFFC9758ABB151C42D57EA6E03228A35C4EC82AC,18.56 KiB
767.png,6CA22BA658B74E4461C2359F51893A7A1F6A67805068CC09542EAF7264BCD950,18.78 KiB
768.png,C3A59280903E3C8BEF4ABF95E806C66C7FA0418598F46379803A414976C2F427,18.83 KiB
769.png,86BE9FD673E06C2AD09FF8545E4864E31159EA0B5726AA835D2EF032E27D5A46,18.78 KiB
77.png,ED2A43D4277A0E84868D00CE30A1DD98CD678036C6E48D19C8ADEE809E1B876C,18.72 KiB
770.png,7B15766CC3AAA0AE113F2775C9E80428862ADFAF47F874DC71EF179097C9103F,18.76 KiB
771.png,E82D91E09E182BEB9C3C02AC6407192310FC9BA646B05CD42C98A3B84B2F0114,18.72 KiB
772.png,E2671B23E04212F81536A044D228E3D482FFC2EEF206250A319D59B37C503889,18.84 KiB
773.png,29C5FCB0D40964BCCD71896833115502DDBFBCD533BDB1A6443741AF2EAC457C,19.1 KiB
774.png,1B04DA28FBBC234E735CD7BD35871724256E091222B4B8715C13F2343D73F69B,18.64 KiB
775.png,1348CE71BD179D168D2AF9DDA3D1B4D6477802C904BFE791598594EE3A660E1B,18.83 KiB
776.png,6D5CF92470957DD9400D3C8C9D3CB42D6698BB8D2783C0046AF16CCAF4BA3993,18.82 KiB
777.png,83F58A9821063D542622F8BAADCEF0060716E469E55ABAE132E60E80A7966808,18.46 KiB
778.png,F446B03270307FB6AC3E2D8C91B94AAFE74FE02733AABDFB4E2F43235F46BA11,18.7 KiB
779.png,515EB08DEB9410B443EAE0A31153BC5F9812FF960E07B772E3DBDD0A16EA84F5,18.77 KiB
78.png,A0CE9950D76DF8FEA60E440B742FBFCC13D28D8688FE65FC4967517959523A2C,18.79 KiB
780.png,176B0843A94CE1A0402D42D2C9CD360EB52826E74C414158BFCA290B6CC7046C,18.75 KiB
781.png,A439A8275B700FCD165F19F40CF0925140B4988B10EBE0BA1BEA004D53C0E747,18.76 KiB
782.png,A39044BCF4153D3E2ACD31BB7CFC2AA1594969465E94115C1F6BAECFDE126A1D,18.75 KiB
783.png,FD5E5ED30CE0098A640A1116749AC75A71039C81082D26CB7EE9FFB8C2256B35,18.84 KiB
784.png,7DCD5C97806E9DC5383E26E914949EF94D9DFEE521F40C7B201B0E460D610B73,18.77 KiB
785.png,E6F3E850C2CAB4380DB4B82FCCF762BAE412889ADBB6AF6539861B32C90E9388,18.82 KiB
786.png,DFD25B7A41BDE7878976C4520BD6383C9857690F08D26EDDB8A0DB72D3992267,18.69 KiB
787.png,4D2DC3709E680555A1E099584627CD297B1D7E72F730545E67671ABB4CFE5A9C,18.68 KiB
788.png,129294144A77E3DE4A176908869D3441085E2337052A431F395009C52DD2085E,19.04 KiB
789.png,29ED2064C0403AB1DB8E5A3FBBEAD558766CBE4173076CAB9334E3C323CECE11,18.74 KiB
79.png,10C982E544F52BBB31DD777B7ADA77F69DA779AA92084B2897F582A356208AF1,18.82 KiB
790.png,740530E0F512551914B9A525C54FE21C3311D3E6E1075A66A2B00EFA00C9C33C,18.74 KiB
791.png,8E81592A402710F2917FE4CC35711C9658EE0354286E9DEBAA1E43E717524C37,18.51 KiB
792.png,0EF1CD144CB3315121F41801512678F12C8B6BB642D7F225C64AAC316D8DF769,18.84 KiB
793.png,F638E4D5542244600F63942672D5AC9D740C775D86A1617F8C7296F0D8D7B9AC,18.84 KiB
794.png,C51E3F4B1C79A6439314A8A7E90CCECC90D5E05DACEB84D741311F63DC87AE3B,18.75 KiB
795.png,3A6D49531C0CA735273B2BFF6E57E49D9CC3D89FFBD262402FD79B969DC5873F,18.79 KiB
796.png,F16ED396311E6785EC17FAC502FF2581ED8B28CCD60AB8CA4C2EE5B13A3683C9,18.83 KiB
797.png,87313D4C0446102A223DA27D6167A2E3A715258903138D8A96770C6F04B01EAD,18.73 KiB
798.png,AEB400F0BCA2DC0492974E9A895A62DC16C36DABCAB1D3F4449F920B7A09EF71,18.85 KiB
799.png,1336599472D93FA02F620B66CBC45F1A83E2881ACA3B38ACB16A054A7C38EA35,18.83 KiB
8.png,BA52841FE97CCE3B553342208A3ED9519BCBA9351AE2BA19322973BDA57359E4,18.85 KiB
80.png,5B4511FDF43F761E0D8D903246DB3CC540853168106F191A6ABC9CC708152035,18.66 KiB
800.png,57B4A3F417A331814446AC94866692FF0F2DEF857B5F32E9308C39455269114A,18.84 KiB
801.png,C7DB9D2EDB52AEE6B78EBFA6271546ED9C548C38F2C07A0E7298AA84954C2587,18.85 KiB
802.png,83262DDCF7677CDA9A9A4F5DED5F8EC2FC8EB7E0805DC88DD64A43D7252E65E1,18.82 KiB
803.png,8D1130F6D22E753624E259A363E3DFF39494A44872CAA9F1E11863A3E9607001,18.83 KiB
804.png,BDD93E6B2672C9482C98FD0306F202D3593E158BB96A921A0EECE07AF4463602,18.87 KiB
805.png,31BA2D234F4DDFFD3EF84F949CF9BFA780CE602E0DE7E17613EBD38B121B32FD,19.09 KiB
806.png,FDEC0C6FF498AE079C76E83293F82B1F2F252FE90C92D427573A8FE2816F502A,18.44 KiB
807.png,31C9830989E8EE0CC6B64310187BB279DCAFCA12EAE5BD3EDFB633AA3F9A7A51,18.9 KiB
808.png,624559D7550765C6352D265DD4D60FD6514E59B2271CDE04DCDA766266522109,18.81 KiB
809.png,5319A505434011969BD26D2F1CE02DBBFD0C7CA7B39556B4744D6700F7444CE8,18.64 KiB
81.png,F05BFF5EA061473B1A72B27987ED0E31F71969229D623E76188D5F1C43B5A246,18.81 KiB
810.png,25FD72A2B13575FA0D1A0D356A4F3AFDE08656A39197BA439EAFED39B49D6090,18.72 KiB
811.png,EEDEA085BB8F374330470E1C1591E81E4C1E13DC0E89FA51DDBE6BA835D13F8B,18.75 KiB
812.png,393C861B0C7C9B29E556B06615ED5173824558276538C44A97B2095FF8D6378D,18.88 KiB
813.png,6D4B722A65140DB795A691389924C2B2801930A1E108C37FED2BD43AACE2D051,18.8 KiB
814.png,9F7ED7AA07E5193CCDC5F5B1BB6503043C7F4A7974A34C4A822648D85A7E2361,18.74 KiB
815.png,87D84E57636047B93CE154C85E811F948FD30128E64BE72E2B86CB9070F8B963,18.84 KiB
816.png,A439A8275B700FCD165F19F40CF0925140B4988B10EBE0BA1BEA004D53C0E747,18.76 KiB
817.png,FDEC0C6FF498AE079C76E83293F82B1F2F252FE90C92D427573A8FE2816F502A,18.44 KiB
818.png,760E504C4F80A2E3643C6048372AC133D9C1A6531A6E5E41C20CC6C01653AA16,18.79 KiB
819.png,EFF91FC53126D3828868BEF1040B1B0640FCC83F22C54F3D2BF0FC1F94868767,18.67 KiB
82.png,648137E5D933077101778E4E5862FC84C06626144196DE9F4D5543D24EC130E2,18.7 KiB
820.png,ED0533EAEC5E4F21C05DD00EA6946D7EC78E3591E9692BC24D7E10E794DE5FEF,18.72 KiB
821.png,04EB5EC4DD3D1CE4E3C9D11C55CFDD2B0BFB30CB1F233F9030B8FAAE43975EE8,18.68 KiB
822.png,405DAFED07A412E00890E640E94E61B7A946CA8BCDBA64D9FDF3F97F798EEB47,18.84 KiB
823.png,C95EA16D1EEAC3DF6E8CEA8633712514A1E31A05A8CE42933D48CF4A63F38667,18.87 KiB
824.png,1E5540FBC7F1392D3AA10E376A08596736C6E8B155405257FB66A046A14DE45F,18.88 KiB
825.png,9CDCD88B183859FE6A407996CFFC16724F7094EAF2B4F26E43FF8907A2DBD1E6,18.7 KiB
826.png,88F6FE53990E7CC686BDB6DCEA945E6F5DAB780EBDE6D5FF22CCC516085A639D,18.71 KiB
827.png,6CD32C0300330F7658DA8A34C31E45B54AFD9F61E89CA038BBC635FF146BEB92,18.71 KiB
828.png,D6B3293738B8392A3AAEC9228015E7C67519EB93DA82F5806BDE8BE4E3986D21,18.53 KiB
829.png,1CEA72F9D1543B8A3DD9FF1574A6467FC099F68D33EC8FB71235A6AD5894AC8F,18.87 KiB
83.png,16000AA157668950D007DDD8C338DB85916ED1B81B92BD34C6ABAE070940CACB,18.71 KiB
830.png,FF86AA53A1407C1A2B9CB31128499C1C0DD76E1780E911D298548F4129ED676B,18.79 KiB
831.png,6B87CCC3EE9AB1DF171FAD838B680D34EACA933B0637A023A7CC75D61F3065B1,18.77 KiB
832.png,11F7FFEDE86E573AAC24436876ABFE6749970D89DD17D946B3B9CBC4520B1F4F,18.78 KiB
833.png,DB15D38892E08FE241EEF321B73E1110D1325A348E3C7845901F91932BFA09BF,18.86 KiB
834.png,29ED2064C0403AB1DB8E5A3FBBEAD558766CBE4173076CAB9334E3C323CECE11,18.74 KiB
835.png,DA2D25FB918CAB0F1E8547CF25F83EE647BACEAE8A2B7857A2AB073F751A9FFE,18.8 KiB
836.png,135CE23412549E72D83A30F432D10875DFF372A9C84DBC00E7976575DE1ECA0A,18.82 KiB
837.png,7BD0563EBAD00CED635DC0D172245689DF839FD25CDD390457C815D156BE93AD,18.74 KiB
838.png,1B1D88518F776D86084937536287434A3D3E1B9F402E3707E0F1199A4283A6C2,18.91 KiB
839.png,F82BAA0F16AA963A3321C082CCBBEC4503A18EE0F388BF9BE5ECCA5C9BFC739F,18.73 KiB
84.png,ED96F7C1394D96E4888EFB5377EDDEF8F607C7965F7DA0447116D269F3A73FC3,18.74 KiB
840.png,CBB01E8B2D9E469C19F8DCEBC1BB8D8833EFEB0C2740A48DE5815157EAEBDB26,18.83 KiB
841.png,D9D3E78A17BB5198EABBBA88077383BC56F48B731B7D624F2281F50EFA26B4D9,18.75 KiB
842.png,1ACD643FEEE755447135A23F544B936BBA6F8B4028BFC61D2C70D311225828D3,18.45 KiB
843.png,884813A51ADD0E58E2791211C32658721F1D5FB159046227E4FE7A62D4154561,18.66 KiB
844.png,8D1130F6D22E753624E259A363E3DFF39494A44872CAA9F1E11863A3E9607001,18.83 KiB
845.png,8B0EB1CBA0E80BE0CFC014F0FB81183359441F7B480701E5DB57CAB4C0BDCBE1,18.81 KiB
846.png,3A0DA7D0E3B19DCB46D56570D99E4F9165B479BC3DE367D9B67DB2CB5327C759,18.78 KiB
847.png,E35D609EB487CC20729C7CC80AD9CC548EB92F288A08D382098D43B99B7C7AFC,18.71 KiB
848.png,6B97D0A5DD149396B10CDE50474660B0EA230A988D5974A252BA96C4429BCCFD,18.83 KiB
849.png,D8512CA44D1D7CD42739D8C62DE4B368AC3FA763CAD72D3359FC12C1290614DC,18.89 KiB
85.png,F13EC425B8C309EC9859F61524D4C052B6B7E95F58192E7B1030BE5F50744FE8,18.69 KiB
850.png,AE81384E7E4D7CACE3C9811987F2E6375D59B5E8D595E1B7EEAEDC86C20C25FB,18.72 KiB
851.png,30F328091CBBDCFC0F7641A1A408BB745D75DAC2BE4E266137D27C0CECE4F03C,18.86 KiB
852.png,B2145F5B175317F8CD5F78352C7AB920F2B389FDB27CF8387B200E02AF0C83EA,18.8 KiB
853.png,9F5AAF83643270C0EE02004173A92FF756DA7884867E077699B54CB37C778628,18.72 KiB
854.png,DACE8E2E283305893794675A83278B19314B7BBF1ECCBF75F1AB2C28F117840A,18.83 KiB
855.png,210D2AC8048D7DA111F8C9D5852C7670295790CCA49E94FE1C5AF9C6E307FD0F,18.49 KiB
856.png,14788CC7E6A90158E55D407BFC76A356167EEE16D7444201EA18E4B9AFBFB9FB,18.85 KiB
857.png,738AD5DD57D6012EBD2E14AAF920AC11C31434FB14D45CE9CC7449C79DC96426,18.69 KiB
858.png,B5FB0DF258A6BCC4D93B52CE7924FCDD55D253A8CDCBF18300C0604772FAD7F6,18.81 KiB
859.png,D7912659383C2846AEE7D86274039F73FDAEFA88A938D6B50B824C18FDF340F2,18.81 KiB
86.png,40CC3CDE233B3A02D3DB64AB26270D82F624C61C06AB0A07FACA97D5B6C9E41D,18.67 KiB
860.png,0D25E09FD2E3B06191C8E28AB44938F5603440413E0878521B729E89CDB274AE,18.76 KiB
861.png,61F4E7ADD78C602AE61EEE8144D02C22FC4435D2EAC3683A65BAD8C480D6E741,18.72 KiB
862.png,0CE001E57A82EE4AFA79636D058F264F30EDD390E5FB9887A4B24E73B24CCF45,19.08 KiB
863.png,024491AF991D15CCF1FED7767E15E57C30FC25DB4FAAAB755DD00E73C82BA7EA,18.81 KiB
864.png,2DFFCC472D9A5507119F884E368B026B01583AB96F45B7ABC0F894BE9D1F90FB,18.58 KiB
865.png,2C9C7B0FD9AEB76E9FBA8B6B738FD8DBB4DBCADA7F980CE795D4FC997D8F78AF,18.86 KiB
866.png,56C406A5729F7FE0DA83146C12DE829C0041C0A9E9012838CD99E383F9D16253,18.81 KiB
867.png,920F30B0527F405EDD34B4024FF1B6ED807BBC79A90361755249D40B543FC241,18.8 KiB
868.png,ED96F7C1394D96E4888EFB5377EDDEF8F607C7965F7DA0447116D269F3A73FC3,18.74 KiB
869.png,6CD73A7BF34E88BD48B32A119BB600292AEB521304130A1B4B06E5FD1263A468,18.83 KiB
87.png,190167FA71323D93B58275815B2A3DBCE54A916E1772DB0EDD08C6021EBE89E7,18.78 KiB
870.png,B3945A08BB8DA6701951FDAF73A08D54C52116607CDB4304E6C3BB473E64218F,18.87 KiB
871.png,4CF40163E936917DB606FE82C6A0C531A50DA177E5C9C0C62FD1DD07018FD6C5,18.49 KiB
872.png,F05BFF5EA061473B1A72B27987ED0E31F71969229D623E76188D5F1C43B5A246,18.81 KiB
873.png,89B137F3664A2491D0D8DEAABBE3DAF6E31597277A9E8FBEAE2DFF04C0A777F7,18.69 KiB
874.png,74596DE4F9CFE9744C6D520BB09A71C03AE0FCB3BD2DA19006AEAAC4A51A4247,18.65 KiB
875.png,1ACD643FEEE755447135A23F544B936BBA6F8B4028BFC61D2C70D311225828D3,18.45 KiB
876.png,9B41ADD27C813630472ABC8A2624948451F76C33A7D3F8E168E50E895042DA3A,18.84 KiB
877.png,F0A8D240AF0B524CD988637CF704E89E6FD224093E480EE4671C5DCD3315402E,18.83 KiB
878.png,521625CA36F2C1A2200F7B3C63F4F05BB89C46C3727439248D3AF1EAFE98FE22,18.76 KiB
879.png,1A0E07D2CBBF8E29C41E6779E7E3BD59AEC74DC6767B73C77C5DC2952B4F4F00,18.67 KiB
88.png,605B0D5C2C6D89AA09178FED23962C2D786318AA52C4B93593B9309F14DB58E8,18.42 KiB
880.png,4C25451829AB59167A5DADDBA91B56FE82E74704D35E9E527EF88BD64BA84026,19.07 KiB
881.png,F78D747F8EE21DC91C2F758FCE92069F0E31D7B35B5F629799210C481F4A254E,18.72 KiB
882.png,CF82653C82704A6A0F4C11CABEF5928FF477E6F15D6C5372742D3868BD6F833A,18.77 KiB
883.png,95057EA4A441C6F894D3DD757A4FA9C6045A0401CE2CDB37E22444BF63B35C6F,18.84 KiB
884.png,87D84E57636047B93CE154C85E811F948FD30128E64BE72E2B86CB9070F8B963,18.84 KiB
885.png,EBBADE46DBE80B5CA931C01FDD6DE2E1AEFB1FF0A66D77B783065CF3F7F20A96,18.86 KiB
886.png,D0EDDBB9DDCFECDA85A95690080903DEDA7E19653C17550B1CCD9D50DBBE2B0B,18.72 KiB
887.png,1D98E86C96A3D1AD6CEBFD78164B0E1EF71EAF62500A3750EB50421265D77C16,18.79 KiB
888.png,29ED2064C0403AB1DB8E5A3FBBEAD558766CBE4173076CAB9334E3C323CECE11,18.74 KiB
889.png,EC07F0678F4958073E32A64200FEDB5178D18D21751179B67AA546382B409FB4,18.82 KiB
89.png,80409AADCE9986BA21AC392C433B977542FF07AB0F9AD1985D6B1D2EE3B3CBBF,18.72 KiB
890.png,7DCD5C97806E9DC5383E26E914949EF94D9DFEE521F40C7B201B0E460D610B73,18.77 KiB
891.png,28C60ECF82A9CA0597CB26337CD1F9E824EE8C77F87D6707D2A7D07085DB2FED,18.81 KiB
892.png,286DB219752DDA272008C689E60934983DB43B60CC90774315628BE126A6C6ED,18.86 KiB
893.png,87312AA0E28DDDA7F8A1E692CAEB1767CE43C2C7F6BE871FE98052C81E8FCCE0,18.71 KiB
894.png,90B3452CC0EDD0617E8704898BB67A00DE0F63BB8DC48AC15A34C353D29E4414,18.64 KiB
895.png,135CE23412549E72D83A30F432D10875DFF372A9C84DBC00E7976575DE1ECA0A,18.82 KiB
896.png,A0079F862D7CEA95614C31DC3DF9A471F73E58E1FCB1AB1A775727B6A4533D22,18.73 KiB
897.png,FADAA5CF66ADACFC476D108C6842B2645C1F3BA0FF897BB1CD655085371CBAEB,18.79 KiB
898.png,33FA236D89930F0FCBE8A88487A2C2036D404D5555AF31C3FA66A732A1FB5F1E,18.71 KiB
899.png,8473B21F115BBD111EFF2E9B46E1DF8A00244BB55790620CB568622989609B75,18.83 KiB
9.png,46B097AA8EA7A5DD9D0F05FC588092DB8DB8E033295952D224C81397C00D4010,18.78 KiB
90.png,78EE2AA9E190E204D2A5FC9F4D27F99A8C534CE96238AF62CE5CE07174E802A9,18.78 KiB
900.png,F821004F4B4A1175CE96409D45452F0C19840E937019F980BA5C0B334749E31D,18.6 KiB
901.png,2CCA3E9C0C5219317F89FE99E2810DF79F09BA483A95179A836DB4F7ADF8CC95,18.71 KiB
902.png,8473B21F115BBD111EFF2E9B46E1DF8A00244BB55790620CB568622989609B75,18.83 KiB
903.png,14FAE439EF2F6E6E9D2F30FF05F83218899E84843CB2A248DFC857E579CEDD86,18.77 KiB
904.png,732DC833CEFE8EAC5248916A7BBEE59DC13C8C3C88269FC2B56AB8F824FFBFA1,18.76 KiB
905.png,312311F8FC2AB793451B9D91FA5A386F3639B494C8A33304611FAAC7E9586BEC,18.87 KiB
906.png,879F27ED18ED283385647988BBF56B1E68C83900B188655585F1460B47208FC0,18.74 KiB
907.png,DE5C45B853B3097C950D9AAB3B8B5207E179D408D77FF2437A3AB30A1FD190A6,18.76 KiB
908.png,0A8D10902DBD48D05707C56351DB56881830DFCB5FB718AC2532FF7AA494B7B4,18.75 KiB
909.png,86F5936B7745FA210E757184D2596EB5F999956329528E6E0FC7810A06E493E9,18.82 KiB
91.png,CB1B87B3B054728F33E6A1F3124ADF637EB5A562A2CE706D0B9A947C15A0BEC7,18.86 KiB
910.png,EAD4D4664D287C8601C15007B05FF4ABAEF51A0C25FA894BA73F953EAD635FA9,18.8 KiB
911.png,135CE23412549E72D83A30F432D10875DFF372A9C84DBC00E7976575DE1ECA0A,18.82 KiB
912.png,5B554D1ED8376189B99F39CCA91FAE2DFCE038096C07EBE64BA1E3E4D635921C,18.52 KiB
913.png,1055D825F21784EFC3A28C6888238C795B5134BB80520BA4FC3B2DD732ECE808,18.74 KiB
914.png,E19661594C7FD00E3DA62C4C4D88D53936970689BE2FD2794E2E80445E4C2787,18.81 KiB
915.png,F35F0D7594B9FE6DAEBAB805F21DCBAF4E19F2AF1FF7A9DCF7CAEB0055BEBF66,18.4 KiB
916.png,33D19EACA1E3306647AA6F6EF19BA5396FC155668BFF040BBF19292637CAEDA5,18.81 KiB
917.png,67244E98D57B4B0E57204E7197A9E1FE0040DBE558CF0DF63BBD87F177229B60,18.8 KiB
918.png,DF6663A36B1FC85EF8CEF7A0D8458761B0918CE582B8A942A9106008AC3F006B,18.49 KiB
919.png,3C9DAAA7F0B23F3F7D2A6BCE2686C16E70B4D8CA7FF99E6E1D9219A218B45B47,18.58 KiB
92.png,E1EB2E001B8B78FCE0F207C5B8AD284933D7AB760D156946598A613C4C16A873,18.77 KiB
920.png,AB3837BECC7EA86BFAEC9B2801266566746970C2D2A5111EB686E5B3190BB9B6,18.74 KiB
921.png,6D9B81F53FE4523769E9EE4DF198788380B2855EE6E20FFB4216F949335844F5,18.84 KiB
922.png,82FCAC47436A642C62487B6247E6DF6FECC1DAD1EA38D62622CFA3A668C82FF7,18.71 KiB
923.png,304E1DC93EEDEB22524FD8C80C99FEEDC1895649270B13C1B34F3C131D418693,18.84 KiB
924.png,DFBCB017935E6C41A2E46A02B2F0E3E7F7B9D0F00A41CF8391033CBC70129776,18.82 KiB
925.png,BC2773AB60918F9BAAB10C510C6EFF2D21BBD2D0D77B7B166FAABFE144B4230E,18.8 KiB
926.png,6D9B81F53FE4523769E9EE4DF198788380B2855EE6E20FFB4216F949335844F5,18.84 KiB
927.png,E823F26121F009475A47901DA4F89E3530BADABDBD980402A450C7C5692637D8,18.69 KiB
928.png,379970FDF1B91B4185F78E18E40094C04142E170BDD6B2E098EDFBB82D01CE50,18.69 KiB
929.png,1A0E07D2CBBF8E29C41E6779E7E3BD59AEC74DC6767B73C77C5DC2952B4F4F00,18.67 KiB
93.png,648137E5D933077101778E4E5862FC84C06626144196DE9F4D5543D24EC130E2,18.7 KiB
930.png,59EE14A7AE6E29EE22D053CD2779E9E9C31A94B672A153B0563D26B168A0B143,18.52 KiB
931.png,0B6FC32C8F1F6EFFCB892CFF08E9F8FE5AFEA93CA0423CAAEA5F6BD21C3E8B93,18.75 KiB
932.png,920F30B0527F405EDD34B4024FF1B6ED807BBC79A90361755249D40B543FC241,18.8 KiB
933.png,FE573551DBEE166531E2D0CA035EDFC2EBDF530F4A9E860B792A8031C76DED3B,18.58 KiB
934.png,0F93190C68007B2CFB34E6A0FBF898601C9E13D986C78749835F90DFDCD95AE7,18.79 KiB
935.png,B968D3F8B0F8A39F3A4BCA8AD152283408C920DCD8A5FAA33E76CA6C979AB21D,18.86 KiB
936.png,884813A51ADD0E58E2791211C32658721F1D5FB159046227E4FE7A62D4154561,18.66 KiB
937.png,7464A62C8CC940D7F0054992E80DBB369E9E9B39198CCB4D78CFD8FDB50F1B4F,18.74 KiB
938.png,EB14A3279A952F740944DDF8C4835D949DC2FDB76DF219E201099A73C19738E7,18.72 KiB
939.png,C1CEE650CDF7FB692DA92CF757690392608F92140D075C5572E1EC8CABBC2496,18.82 KiB
94.png,CA1DB44DF6EC17F01B5AE569F897FB50AA44497E3C4A19ECF08AF2843B3179BC,18.69 KiB
940.png,F45D73A63FA8D8B136616B9FF31A04215B75EF1C4442426EF74FA0AE61FC83C9,18.83 KiB
941.png,1A7A6FB1E28BD9F828D8EC6EC79DB1EDED0504442E9B0EA339DB58101B3EF0AC,18.71 KiB
942.png,4C1589EA98168C6418E68D3F65F6652E4473C419D51FFCCC094B53A91D973BD3,18.78 KiB
943.png,F446B03270307FB6AC3E2D8C91B94AAFE74FE02733AABDFB4E2F43235F46BA11,18.7 KiB
944.png,954A95AA4C6E94A6313BCEEBCE9D3D8F857E365F0C9F579F2925EEF2C39CB919,18.69 KiB
945.png,B2F5E157DAB6ED77A4D87C705A5E9F789BB3DB8C7D146E1013B4F4986023CD67,18.72 KiB
946.png,FD09168A82917EC94B17EB24900624F77A0BE45EA04D3346F3DF7CCE528221C0,18.67 KiB
947.png,AC0345AFF036F7B1CD33BA9D22FA7F847A2CA385D980A99482C495CC302F307D,18.7 KiB
948.png,1348CE71BD179D168D2AF9DDA3D1B4D6477802C904BFE791598594EE3A660E1B,18.83 KiB
949.png,E1791C95BE3E5F96815ABBF551F8D7A20DD1FD16060E00BC6572485D4B7209E2,18.7 KiB
95.png,680AC18EA608DF44033E7FBD2D6FAC232C184BB7946773E31885CE66C277D24B,18.74 KiB
950.png,EEDEA085BB8F374330470E1C1591E81E4C1E13DC0E89FA51DDBE6BA835D13F8B,18.75 KiB
951.png,20818DD6D03969E32019DB7ED8294EE4F605071388C54F47993FE8B2BCD4D861,18.73 KiB
952.png,8E3502F2D6289005DDC57FE6BDFB160817E205414A8690E0C9A286CC54412B31,18.8 KiB
953.png,695EB5263C1C1592C1CDF558B4EFE30B45FEDE0CB440B29E47B9226596D40F60,18.83 KiB
954.png,3AB4AA777ACF5227424F0A25C232EF0AD48E50411825C59E0FE1F5B238EBB947,18.79 KiB
955.png,C72FDA01FF50A401FA8D881029DDEC4E2D2E80B719EA80005E2DD88D39A1D654,18.79 KiB
956.png,B963936E99B95A6270034DC6E6BA8E43EAC280739C64EE8185184A79A726C573,18.78 KiB
957.png,3AC4181965B3F8EFAAFB1356F1B900AC0EB31BE00069A5DBCCA88E4B1119D365,18.8 KiB
958.png,7B90BAA84D25E11452558B7D0423C2AD9944EC0D2E345056F11774D9FEEF747D,18.77 KiB
959.png,62511BE5ACDB344F89A437639EA6BE91553146321FDF99E7E10D2502EB2795D2,18.8 KiB
96.png,E823F26121F009475A47901DA4F89E3530BADABDBD980402A450C7C5692637D8,18.69 KiB
960.png,E82D91E09E182BEB9C3C02AC6407192310FC9BA646B05CD42C98A3B84B2F0114,18.72 KiB
961.png,ABF0CA228CE35A0A8C79A0C62B44F80EF9A1C018A80877A3EA9480EA17125475,18.84 KiB
962.png,38EB97F295FB693CA07D7D45F5B710D1C2E79CD89E3C4958A50776055F47850B,18.73 KiB
963.png,DBC190F1D750A452F73336C255D8DFF7D86EF82CC32962B30AFF0C836FCB47C0,18.7 KiB
964.png,327E0691897D7DAE14187C55EB790B891DE6308CB3AE0DEE95E764101BB3675C,18.84 KiB
965.png,C73E0EEE9F186242D55B88C9C42B46395260CA9F2307D2DEE2B0DF26CEB178C7,18.73 KiB
966.png,4C86C9EA10C6E4A6D11F6553BA93372E48A5B99938391938CE6DEED7E96E47C0,19.09 KiB
967.png,7EA3C37E695C2EC0A923798D36712A52A2D49DDD46672DB86D61E73C5C88056A,18.49 KiB
968.png,A0CE9950D76DF8FEA60E440B742FBFCC13D28D8688FE65FC4967517959523A2C,18.79 KiB
969.png,630EA8A8A1C7C5C11EDDA32A6B3223AC3EE3CADA2A2A0159708FB93B3DD26CD0,18.85 KiB
97.png,0428C2EB7E241073127087C8A2428264830E9BD8598799B51A778B92CBAD2562,18.77 KiB
970.png,F6F1878086424AA1A7F157431F551CCB5B48013DFDA99D5968E5EE93F5829185,18.84 KiB
971.png,B84A5919C8E392E40881FA9BAA634DB752E3ABFC94906109A9A8620E33D785A2,18.84 KiB
972.png,0ABC0D6930416482D57BFE04F81D3C845203806963CF2027F7021D7F64E22A11,18.85 KiB
973.png,60A200BCCCC256C299A97E1BFB8D76F3855EF3BB189EA1DD4A30EA333C78418D,18.82 KiB
974.png,C1CEE650CDF7FB692DA92CF757690392608F92140D075C5572E1EC8CABBC2496,18.82 KiB
975.png,9F7D1F79903FB5D2822356E246F261CDE1BC1E9BF14E72763DA297AD025B2259,18.73 KiB
976.png,39CCDF2DD6583223204159F3CE79902A93E1B8FE4AF36752D74411033BEF6095,18.8 KiB
977.png,CF51E3DC1DE83D19BEEB86BEC8343C27C6A663824D9F0D3CAB9773938DF6F98B,18.75 KiB
978.png,F638E4D5542244600F63942672D5AC9D740C775D86A1617F8C7296F0D8D7B9AC,18.84 KiB
979.png,327481D2B68C8AF6C612F3FFE16D82465F7EA0C3F1AA4D8B0D0873A6C0EF2A13,19.01 KiB
98.png,4F951420FCD6A52EE5025CB31550262A37964031A2E34B0D6BD740C91095DFE0,18.83 KiB
980.png,15977740B12E40A6756CF0C6E71C32E97E695E47AA94B101EEE7020C15AE6FA8,18.75 KiB
981.png,2BE7E34EC7ABE3AE24AD8DF0FBD746A4D1C124319AC0E61E53AE12A43A9E18EB,18.81 KiB
982.png,7EC231AC3460098CDA6EE892EEE914C74BAB25E75342FA3C0DC1B5D0E5CDBCBF,18.73 KiB
983.png,7316E8E36D4567B7A4C0BF84A72E9543E553EB8C44BA6916642F39803ACEBBF0,18.76 KiB
984.png,55EDEC1754ED59D4FB3B8B0F4CA53F310EB917C507F2C1571CE72120F9AAB007,18.49 KiB
985.png,EC01580DB9CB8EDEC999B857ACEA379C0EA00227F54EE1100595460B77C61BF5,18.83 KiB
986.png,FCDDA57119B063715C9B1E34328FB782DEFF38BB53B07B6A6B8AF960C8038AA8,18.58 KiB
987.png,1C7543576613E2EBD42E2D2E32842929E88E3B2A7554A714F294DCD148906362,18.86 KiB
988.png,A601FC0E39112F753CDADBEE682F505F30609449D5AF736F8F3EE15EA3B79B04,18.68 KiB
989.png,98EAC73FB8A08E5A8AA50A82A42FA3AD2BD35F737A129A8DA9750706197ECB78,18.84 KiB
99.png,CDF4506A872AB7BFF40C01D693DA676FA1DB839E4A9F5D2E010C6E6ED984EAE2,18.8 KiB
990.png,4CF40163E936917DB606FE82C6A0C531A50DA177E5C9C0C62FD1DD07018FD6C5,18.49 KiB
991.png,B6472AC1FE1BEDF85B272EAC08243BEAB9ABF25D7874DEEA0C226D8BD6C6FA15,18.81 KiB
992.png,0F93190C68007B2CFB34E6A0FBF898601C9E13D986C78749835F90DFDCD95AE7,18.79 KiB
993.png,FCDDA57119B063715C9B1E34328FB782DEFF38BB53B07B6A6B8AF960C8038AA8,18.58 KiB
994.png,C2BDFF094B062B2DE3A369E3A1B4A29CB3E031E8F70271C4B8DE81A4953A3727,18.7 KiB
995.png,25FD72A2B13575FA0D1A0D356A4F3AFDE08656A39197BA439EAFED39B49D6090,18.72 KiB
996.png,BDC3D084433B9679C1DDE79640BA79F3FBB1F8AAAFC0AF55EE4DC416CE3A0EDB,18.71 KiB
997.png,E19661594C7FD00E3DA62C4C4D88D53936970689BE2FD2794E2E80445E4C2787,18.81 KiB
998.png,B1288C084C1B6908C64460AFC8930497AAD975101F43D5B015FD1C652FFAFBD1,18.82 KiB
999.png,4F963624867B4ED6FA46248AAFC5EE6FE503BCEEF84BD704AD70125DF38B5D7D,18.53 KiB
,,
